Month,Day,AC System Output (kW)
1,1,0
1,1,0
1,1,0
1,1,0
1,1,0
1,1,0
1,1,0
1,1,0
1,1,0
1,1,0
1,1,0
1,1,0.099379
1,1,0.226127
1,1,0.281484
1,1,0.422165
1,1,0.200011
1,1,0
1,1,0
1,1,0
1,1,0
1,1,0
1,1,0
1,1,0
1,1,0
1,2,0
1,2,0
1,2,0
1,2,0
1,2,0
1,2,0
1,2,0
1,2,0
1,2,0
1,2,0
1,2,0
1,2,0.103434
1,2,0.232751
1,2,0.28712
1,2,0.436017
1,2,0.221144
1,2,0
1,2,0
1,2,0
1,2,0
1,2,0
1,2,0
1,2,0
1,2,0
1,3,0
1,3,0
1,3,0
1,3,0
1,3,0
1,3,0
1,3,0
1,3,0
1,3,0
1,3,0
1,3,0
1,3,0.10678
1,3,0.229636
1,3,0.27676
1,3,0.421222
1,3,0.225285
1,3,0
1,3,0
1,3,0
1,3,0
1,3,0
1,3,0
1,3,0
1,3,0
1,4,0
1,4,0
1,4,0
1,4,0
1,4,0
1,4,0
1,4,0
1,4,0
1,4,0
1,4,0
1,4,0
1,4,0.04509
1,4,0.095184
1,4,0.111741
1,4,0.129014
1,4,0.05979
1,4,0
1,4,0
1,4,0
1,4,0
1,4,0
1,4,0
1,4,0
1,4,0
1,5,0
1,5,0
1,5,0
1,5,0
1,5,0
1,5,0
1,5,0
1,5,0
1,5,0
1,5,0
1,5,0
1,5,0.008942
1,5,0.027244
1,5,0.034508
1,5,0.027335
1,5,0.007802
1,5,0
1,5,0
1,5,0
1,5,0
1,5,0
1,5,0
1,5,0
1,5,0
1,6,0
1,6,0
1,6,0
1,6,0
1,6,0
1,6,0
1,6,0
1,6,0
1,6,0
1,6,0
1,6,0
1,6,0
1,6,0
1,6,0
1,6,0
1,6,0
1,6,0
1,6,0
1,6,0
1,6,0
1,6,0
1,6,0
1,6,0
1,6,0
1,7,0
1,7,0
1,7,0
1,7,0
1,7,0
1,7,0
1,7,0
1,7,0
1,7,0
1,7,0
1,7,0
1,7,0.111776
1,7,0.216844
1,7,0.25144
1,7,0.032286
1,7,0.011345
1,7,0
1,7,0
1,7,0
1,7,0
1,7,0
1,7,0
1,7,0
1,7,0
1,8,0
1,8,0
1,8,0
1,8,0
1,8,0
1,8,0
1,8,0
1,8,0
1,8,0
1,8,0
1,8,0
1,8,0.09767
1,8,0.18627
1,8,0.218586
1,8,0.306308
1,8,0.171595
1,8,0
1,8,0
1,8,0
1,8,0
1,8,0
1,8,0
1,8,0
1,8,0
1,9,0
1,9,0
1,9,0
1,9,0
1,9,0
1,9,0
1,9,0
1,9,0
1,9,0
1,9,0
1,9,0
1,9,0
1,9,0.001892
1,9,0.00198
1,9,0.004684
1,9,0.000103
1,9,0
1,9,0
1,9,0
1,9,0
1,9,0
1,9,0
1,9,0
1,9,0
1,10,0
1,10,0
1,10,0
1,10,0
1,10,0
1,10,0
1,10,0
1,10,0
1,10,0
1,10,0
1,10,0
1,10,0.118647
1,10,0.000694
1,10,0.001442
1,10,0.000697
1,10,0.224511
1,10,0
1,10,0
1,10,0
1,10,0
1,10,0
1,10,0
1,10,0
1,10,0
1,11,0
1,11,0
1,11,0
1,11,0
1,11,0
1,11,0
1,11,0
1,11,0
1,11,0
1,11,0
1,11,0
1,11,0
1,11,0.001231
1,11,0.002658
1,11,0.001237
1,11,0
1,11,0
1,11,0
1,11,0
1,11,0
1,11,0
1,11,0
1,11,0
1,11,0
1,12,0
1,12,0
1,12,0
1,12,0
1,12,0
1,12,0
1,12,0
1,12,0
1,12,0
1,12,0
1,12,0
1,12,0.001465
1,12,0.00682
1,12,0.008341
1,12,0.37751
1,12,0.24809
1,12,0.002288
1,12,0
1,12,0
1,12,0
1,12,0
1,12,0
1,12,0
1,12,0
1,13,0
1,13,0
1,13,0
1,13,0
1,13,0
1,13,0
1,13,0
1,13,0
1,13,0
1,13,0
1,13,0
1,13,0
1,13,0.002644
1,13,0.0041
1,13,0.004043
1,13,0.000333
1,13,0
1,13,0
1,13,0
1,13,0
1,13,0
1,13,0
1,13,0
1,13,0
1,14,0
1,14,0
1,14,0
1,14,0
1,14,0
1,14,0
1,14,0
1,14,0
1,14,0
1,14,0
1,14,0
1,14,0
1,14,0.001619
1,14,0.003876
1,14,0.001629
1,14,0.295541
1,14,0.047274
1,14,0
1,14,0
1,14,0
1,14,0
1,14,0
1,14,0
1,14,0
1,15,0
1,15,0
1,15,0
1,15,0
1,15,0
1,15,0
1,15,0
1,15,0
1,15,0
1,15,0
1,15,0
1,15,0.004475
1,15,0.011176
1,15,0.004247
1,15,0.003399
1,15,0.36089
1,15,0.007306
1,15,0
1,15,0
1,15,0
1,15,0
1,15,0
1,15,0
1,15,0
1,16,0
1,16,0
1,16,0
1,16,0
1,16,0
1,16,0
1,16,0
1,16,0
1,16,0
1,16,0
1,16,0.004307
1,16,0.158963
1,16,0.263943
1,16,0.006257
1,16,0.028465
1,16,0.011492
1,16,0
1,16,0
1,16,0
1,16,0
1,16,0
1,16,0
1,16,0
1,16,0
1,17,0
1,17,0
1,17,0
1,17,0
1,17,0
1,17,0
1,17,0
1,17,0
1,17,0
1,17,0
1,17,0.004844
1,17,0.173006
1,17,0.289665
1,17,0.333352
1,17,0.008822
1,17,0.070198
1,17,0.001846
1,17,0
1,17,0
1,17,0
1,17,0
1,17,0
1,17,0
1,17,0
1,18,0
1,18,0
1,18,0
1,18,0
1,18,0
1,18,0
1,18,0
1,18,0
1,18,0
1,18,0
1,18,0.007029
1,18,0.147127
1,18,0.002355
1,18,0.003137
1,18,0.002368
1,18,0.000077
1,18,0.100966
1,18,0
1,18,0
1,18,0
1,18,0
1,18,0
1,18,0
1,18,0
1,19,0
1,19,0
1,19,0
1,19,0
1,19,0
1,19,0
1,19,0
1,19,0
1,19,0
1,19,0
1,19,0
1,19,0.014841
1,19,0.025
1,19,0.363017
1,19,0.495746
1,19,0.374538
1,19,0.023398
1,19,0
1,19,0
1,19,0
1,19,0
1,19,0
1,19,0
1,19,0
1,20,0
1,20,0
1,20,0
1,20,0
1,20,0
1,20,0
1,20,0
1,20,0
1,20,0
1,20,0
1,20,0
1,20,0.001588
1,20,0.005483
1,20,0.381553
1,20,0.024756
1,20,0.406774
1,20,0.029898
1,20,0
1,20,0
1,20,0
1,20,0
1,20,0
1,20,0
1,20,0
1,21,0
1,21,0
1,21,0
1,21,0
1,21,0
1,21,0
1,21,0
1,21,0
1,21,0
1,21,0
1,21,0
1,21,0.000155
1,21,0.010719
1,21,0.006901
1,21,0.076239
1,21,0.021661
1,21,0.001376
1,21,0
1,21,0
1,21,0
1,21,0
1,21,0
1,21,0
1,21,0
1,22,0
1,22,0
1,22,0
1,22,0
1,22,0
1,22,0
1,22,0
1,22,0
1,22,0
1,22,0
1,22,0
1,22,0.00116
1,22,0.004105
1,22,0.005572
1,22,0
1,22,0
1,22,0
1,22,0
1,22,0
1,22,0
1,22,0
1,22,0
1,22,0
1,22,0
1,23,0
1,23,0
1,23,0
1,23,0
1,23,0
1,23,0
1,23,0
1,23,0
1,23,0
1,23,0
1,23,0.001121
1,23,0.049933
1,23,0.042018
1,23,0.041476
1,23,0.017951
1,23,0.002623
1,23,0
1,23,0
1,23,0
1,23,0
1,23,0
1,23,0
1,23,0
1,23,0
1,24,0
1,24,0
1,24,0
1,24,0
1,24,0
1,24,0
1,24,0
1,24,0
1,24,0
1,24,0
1,24,0
1,24,0
1,24,0.002783
1,24,0.272889
1,24,0.364356
1,24,0.000607
1,24,0.078145
1,24,0
1,24,0
1,24,0
1,24,0
1,24,0
1,24,0
1,24,0
1,25,0
1,25,0
1,25,0
1,25,0
1,25,0
1,25,0
1,25,0
1,25,0
1,25,0
1,25,0
1,25,0
1,25,0.00896
1,25,0.05092
1,25,0.01675
1,25,0.025861
1,25,0.010971
1,25,0.000061
1,25,0
1,25,0
1,25,0
1,25,0
1,25,0
1,25,0
1,25,0
1,26,0
1,26,0
1,26,0
1,26,0
1,26,0
1,26,0
1,26,0
1,26,0
1,26,0
1,26,0
1,26,0
1,26,0.008349
1,26,0.01489
1,26,0.014191
1,26,0.013358
1,26,0.024569
1,26,0.005537
1,26,0
1,26,0
1,26,0
1,26,0
1,26,0
1,26,0
1,26,0
1,27,0
1,27,0
1,27,0
1,27,0
1,27,0
1,27,0
1,27,0
1,27,0
1,27,0
1,27,0
1,27,0.065681
1,27,0.004248
1,27,0.440794
1,27,0.498114
1,27,0.636921
1,27,0.51005
1,27,0.262709
1,27,0
1,27,0
1,27,0
1,27,0
1,27,0
1,27,0
1,27,0
1,28,0
1,28,0
1,28,0
1,28,0
1,28,0
1,28,0
1,28,0
1,28,0
1,28,0
1,28,0
1,28,0.065423
1,28,0.289295
1,28,0.428124
1,28,0.480298
1,28,0.603972
1,28,0.020837
1,28,0.00595
1,28,0
1,28,0
1,28,0
1,28,0
1,28,0
1,28,0
1,28,0
1,29,0
1,29,0
1,29,0
1,29,0
1,29,0
1,29,0
1,29,0
1,29,0
1,29,0
1,29,0
1,29,0.076765
1,29,0.004318
1,29,0.419835
1,29,0.485659
1,29,0.611367
1,29,0.499176
1,29,0.271678
1,29,0
1,29,0
1,29,0
1,29,0
1,29,0
1,29,0
1,29,0
1,30,0
1,30,0
1,30,0
1,30,0
1,30,0
1,30,0
1,30,0
1,30,0
1,30,0
1,30,0
1,30,0.000739
1,30,0.011919
1,30,0.041066
1,30,0.571248
1,30,0.707306
1,30,0.142656
1,30,0.337757
1,30,0
1,30,0
1,30,0
1,30,0
1,30,0
1,30,0
1,30,0
1,31,0
1,31,0
1,31,0
1,31,0
1,31,0
1,31,0
1,31,0
1,31,0
1,31,0
1,31,0
1,31,0.004374
1,31,0.022005
1,31,0.523187
1,31,0.02739
1,31,0.227945
1,31,0.286323
1,31,0.001138
1,31,0
1,31,0
1,31,0
1,31,0
1,31,0
1,31,0
1,31,0
2,1,0
2,1,0
2,1,0
2,1,0
2,1,0
2,1,0
2,1,0
2,1,0
2,1,0
2,1,0
2,1,0.092804
2,1,0.002232
2,1,0.011104
2,1,0.005904
2,1,0.006529
2,1,0.004941
2,1,0.00646
2,1,0
2,1,0
2,1,0
2,1,0
2,1,0
2,1,0
2,1,0
2,2,0
2,2,0
2,2,0
2,2,0
2,2,0
2,2,0
2,2,0
2,2,0
2,2,0
2,2,0
2,2,0.09633
2,2,0.006468
2,2,0.014713
2,2,0.006553
2,2,0.461171
2,2,0.355866
2,2,0.185013
2,2,0
2,2,0
2,2,0
2,2,0
2,2,0
2,2,0
2,2,0
2,3,0
2,3,0
2,3,0
2,3,0
2,3,0
2,3,0
2,3,0
2,3,0
2,3,0
2,3,0
2,3,0.114361
2,3,0.000865
2,3,0.007553
2,3,0.003789
2,3,0.013399
2,3,0.01549
2,3,0.013956
2,3,0
2,3,0
2,3,0
2,3,0
2,3,0
2,3,0
2,3,0
2,4,0
2,4,0
2,4,0
2,4,0
2,4,0
2,4,0
2,4,0
2,4,0
2,4,0
2,4,0
2,4,0.011405
2,4,0.039075
2,4,0.000715
2,4,0.021943
2,4,0.015938
2,4,0.029698
2,4,0.001837
2,4,0
2,4,0
2,4,0
2,4,0
2,4,0
2,4,0
2,4,0
2,5,0
2,5,0
2,5,0
2,5,0
2,5,0
2,5,0
2,5,0
2,5,0
2,5,0
2,5,0
2,5,0
2,5,0.004165
2,5,0.002124
2,5,0.008564
2,5,0.018107
2,5,0.024638
2,5,0.000503
2,5,0
2,5,0
2,5,0
2,5,0
2,5,0
2,5,0
2,5,0
2,6,0
2,6,0
2,6,0
2,6,0
2,6,0
2,6,0
2,6,0
2,6,0
2,6,0
2,6,0
2,6,0.121507
2,6,0.013549
2,6,0.060867
2,6,0.025732
2,6,0.018202
2,6,0.15648
2,6,0.061236
2,6,0.000646
2,6,0
2,6,0
2,6,0
2,6,0
2,6,0
2,6,0
2,7,0
2,7,0
2,7,0
2,7,0
2,7,0
2,7,0
2,7,0
2,7,0
2,7,0
2,7,0
2,7,0.186266
2,7,0.384483
2,7,0.516521
2,7,0.567476
2,7,0.632684
2,7,0.534605
2,7,0.363762
2,7,0.07745
2,7,0
2,7,0
2,7,0
2,7,0
2,7,0
2,7,0
2,8,0
2,8,0
2,8,0
2,8,0
2,8,0
2,8,0
2,8,0
2,8,0
2,8,0
2,8,0
2,8,0
2,8,0
2,8,0.004272
2,8,0.007901
2,8,0.005717
2,8,0.00566
2,8,0.175921
2,8,0.002648
2,8,0
2,8,0
2,8,0
2,8,0
2,8,0
2,8,0
2,9,0
2,9,0
2,9,0
2,9,0
2,9,0
2,9,0
2,9,0
2,9,0
2,9,0
2,9,0
2,9,0.150081
2,9,0.327746
2,9,0.008775
2,9,0.505268
2,9,0.111192
2,9,0.106456
2,9,0.017117
2,9,0
2,9,0
2,9,0
2,9,0
2,9,0
2,9,0
2,9,0
2,10,0
2,10,0
2,10,0
2,10,0
2,10,0
2,10,0
2,10,0
2,10,0
2,10,0
2,10,0
2,10,0.003241
2,10,0.000003
2,10,0.010089
2,10,0.012246
2,10,0.013709
2,10,0.01216
2,10,0.009672
2,10,0
2,10,0
2,10,0
2,10,0
2,10,0
2,10,0
2,10,0
2,11,0
2,11,0
2,11,0
2,11,0
2,11,0
2,11,0
2,11,0
2,11,0
2,11,0
2,11,0
2,11,0.00465
2,11,0.013643
2,11,0.036322
2,11,0.072008
2,11,0.011554
2,11,0.025607
2,11,0.0148
2,11,0
2,11,0
2,11,0
2,11,0
2,11,0
2,11,0
2,11,0
2,12,0
2,12,0
2,12,0
2,12,0
2,12,0
2,12,0
2,12,0
2,12,0
2,12,0
2,12,0.006273
2,12,0.23256
2,12,0.436749
2,12,0.572017
2,12,0.629668
2,12,0.659875
2,12,0.558687
2,12,0.385399
2,12,0.096124
2,12,0
2,12,0
2,12,0
2,12,0
2,12,0
2,12,0
2,13,0
2,13,0
2,13,0
2,13,0
2,13,0
2,13,0
2,13,0
2,13,0
2,13,0
2,13,0
2,13,0.003719
2,13,0.023747
2,13,0.041976
2,13,0.052684
2,13,0.072848
2,13,0.084478
2,13,0.00368
2,13,0
2,13,0
2,13,0
2,13,0
2,13,0
2,13,0
2,13,0
2,14,0
2,14,0
2,14,0
2,14,0
2,14,0
2,14,0
2,14,0
2,14,0
2,14,0
2,14,0
2,14,0.006287
2,14,0.010096
2,14,0.037953
2,14,0.025025
2,14,0.030324
2,14,0.021938
2,14,0.013474
2,14,0
2,14,0
2,14,0
2,14,0
2,14,0
2,14,0
2,14,0
2,15,0
2,15,0
2,15,0
2,15,0
2,15,0
2,15,0
2,15,0
2,15,0
2,15,0
2,15,0
2,15,0.001957
2,15,0.004932
2,15,0.031696
2,15,0.143191
2,15,0.007138
2,15,0.052836
2,15,0.001325
2,15,0.098114
2,15,0
2,15,0
2,15,0
2,15,0
2,15,0
2,15,0
2,16,0
2,16,0
2,16,0
2,16,0
2,16,0
2,16,0
2,16,0
2,16,0
2,16,0
2,16,0
2,16,0.002636
2,16,0.013591
2,16,0.039209
2,16,0.011459
2,16,0.033881
2,16,0.005634
2,16,0.011225
2,16,0
2,16,0
2,16,0
2,16,0
2,16,0
2,16,0
2,16,0
2,17,0
2,17,0
2,17,0
2,17,0
2,17,0
2,17,0
2,17,0
2,17,0
2,17,0
2,17,0
2,17,0.006897
2,17,0.015888
2,17,0.095371
2,17,0.166887
2,17,0.591612
2,17,0.507112
2,17,0.357639
2,17,0.139562
2,17,0
2,17,0
2,17,0
2,17,0
2,17,0
2,17,0
2,18,0
2,18,0
2,18,0
2,18,0
2,18,0
2,18,0
2,18,0
2,18,0
2,18,0
2,18,0.006344
2,18,0.089052
2,18,0.036527
2,18,0.018258
2,18,0.011582
2,18,0.107387
2,18,0.008575
2,18,0.019393
2,18,0.002089
2,18,0
2,18,0
2,18,0
2,18,0
2,18,0
2,18,0
2,19,0
2,19,0
2,19,0
2,19,0
2,19,0
2,19,0
2,19,0
2,19,0
2,19,0
2,19,0
2,19,0.015519
2,19,0.015157
2,19,0.010047
2,19,0.061948
2,19,0.024865
2,19,0.00712
2,19,0.017265
2,19,0.002895
2,19,0
2,19,0
2,19,0
2,19,0
2,19,0
2,19,0
2,20,0
2,20,0
2,20,0
2,20,0
2,20,0
2,20,0
2,20,0
2,20,0
2,20,0
2,20,0.067941
2,20,0.308853
2,20,0.509908
2,20,0.637448
2,20,0.683845
2,20,0.657844
2,20,0.565137
2,20,0.410571
2,20,0.191352
2,20,0
2,20,0
2,20,0
2,20,0
2,20,0
2,20,0
2,21,0
2,21,0
2,21,0
2,21,0
2,21,0
2,21,0
2,21,0
2,21,0
2,21,0
2,21,0.08734
2,21,0.327552
2,21,0.03371
2,21,0.070702
2,21,0.128717
2,21,0.080011
2,21,0.079772
2,21,0.177444
2,21,0.018905
2,21,0
2,21,0
2,21,0
2,21,0
2,21,0
2,21,0
2,22,0
2,22,0
2,22,0
2,22,0
2,22,0
2,22,0
2,22,0
2,22,0
2,22,0
2,22,0.002686
2,22,0.018521
2,22,0.07182
2,22,0.045346
2,22,0.27534
2,22,0.346718
2,22,0.037415
2,22,0.072557
2,22,0.10358
2,22,0
2,22,0
2,22,0
2,22,0
2,22,0
2,22,0
2,23,0
2,23,0
2,23,0
2,23,0
2,23,0
2,23,0
2,23,0
2,23,0
2,23,0
2,23,0.023744
2,23,0.02871
2,23,0.251479
2,23,0.271452
2,23,0.413447
2,23,0.458135
2,23,0.471426
2,23,0.2629
2,23,0.223169
2,23,0
2,23,0
2,23,0
2,23,0
2,23,0
2,23,0
2,24,0
2,24,0
2,24,0
2,24,0
2,24,0
2,24,0
2,24,0
2,24,0
2,24,0
2,24,0.133575
2,24,0.38891
2,24,0.593099
2,24,0.701773
2,24,0.735735
2,24,0.701263
2,24,0.60607
2,24,0.440101
2,24,0.219772
2,24,0
2,24,0
2,24,0
2,24,0
2,24,0
2,24,0
2,25,0
2,25,0
2,25,0
2,25,0
2,25,0
2,25,0
2,25,0
2,25,0
2,25,0
2,25,0.004337
2,25,0.012183
2,25,0.009376
2,25,0.011581
2,25,0.053948
2,25,0.042371
2,25,0.034007
2,25,0.101163
2,25,0.003933
2,25,0
2,25,0
2,25,0
2,25,0
2,25,0
2,25,0
2,26,0
2,26,0
2,26,0
2,26,0
2,26,0
2,26,0
2,26,0
2,26,0
2,26,0
2,26,0.119969
2,26,0.004233
2,26,0.020406
2,26,0.020396
2,26,0.246536
2,26,0.099964
2,26,0.02945
2,26,0.005655
2,26,0.006051
2,26,0
2,26,0
2,26,0
2,26,0
2,26,0
2,26,0
2,27,0
2,27,0
2,27,0
2,27,0
2,27,0
2,27,0
2,27,0
2,27,0
2,27,0
2,27,0.010826
2,27,0.032927
2,27,0.025283
2,27,0.018444
2,27,0.065949
2,27,0.047559
2,27,0.108527
2,27,0.041624
2,27,0.218449
2,27,0.005555
2,27,0
2,27,0
2,27,0
2,27,0
2,27,0
2,28,0
2,28,0
2,28,0
2,28,0
2,28,0
2,28,0
2,28,0
2,28,0
2,28,0
2,28,0.1059
2,28,0.415141
2,28,0.443459
2,28,0.091442
2,28,0.139826
2,28,0.256249
2,28,0.029996
2,28,0.027573
2,28,0.012467
2,28,0
2,28,0
2,28,0
2,28,0
2,28,0
2,28,0
3,1,0
3,1,0
3,1,0
3,1,0
3,1,0
3,1,0
3,1,0
3,1,0
3,1,0
3,1,0.002276
3,1,0.010781
3,1,0.029594
3,1,0.0247
3,1,0.030028
3,1,0.034612
3,1,0.607958
3,1,0.450003
3,1,0.237223
3,1,0.013722
3,1,0
3,1,0
3,1,0
3,1,0
3,1,0
3,2,0
3,2,0
3,2,0
3,2,0
3,2,0
3,2,0
3,2,0
3,2,0
3,2,0
3,2,0.008073
3,2,0.019857
3,2,0.037582
3,2,0.058511
3,2,0.040139
3,2,0.015563
3,2,0.017774
3,2,0.014745
3,2,0.009206
3,2,0
3,2,0
3,2,0
3,2,0
3,2,0
3,2,0
3,3,0
3,3,0
3,3,0
3,3,0
3,3,0
3,3,0
3,3,0
3,3,0
3,3,0
3,3,0.000793
3,3,0.006849
3,3,0.024415
3,3,0.017428
3,3,0.022123
3,3,0.029927
3,3,0.022189
3,3,0.00918
3,3,0.013448
3,3,0
3,3,0
3,3,0
3,3,0
3,3,0
3,3,0
3,4,0
3,4,0
3,4,0
3,4,0
3,4,0
3,4,0
3,4,0
3,4,0
3,4,0.00644
3,4,0.00169
3,4,0.004106
3,4,0.02042
3,4,0.025
3,4,0.038296
3,4,0.036587
3,4,0.095769
3,4,0.07929
3,4,0.020522
3,4,0
3,4,0
3,4,0
3,4,0
3,4,0
3,4,0
3,5,0
3,5,0
3,5,0
3,5,0
3,5,0
3,5,0
3,5,0
3,5,0
3,5,0
3,5,0.005508
3,5,0.014504
3,5,0.024225
3,5,0.043034
3,5,0.071438
3,5,0.062657
3,5,0.034264
3,5,0.016011
3,5,0.019718
3,5,0
3,5,0
3,5,0
3,5,0
3,5,0
3,5,0
3,6,0
3,6,0
3,6,0
3,6,0
3,6,0
3,6,0
3,6,0
3,6,0
3,6,0
3,6,0.017353
3,6,0.025731
3,6,0.032909
3,6,0.011161
3,6,0.053344
3,6,0.833333
3,6,0.724607
3,6,0.544065
3,6,0.010091
3,6,0
3,6,0
3,6,0
3,6,0
3,6,0
3,6,0
3,7,0
3,7,0
3,7,0
3,7,0
3,7,0
3,7,0
3,7,0
3,7,0
3,7,0
3,7,0.005552
3,7,0.036523
3,7,0.64899
3,7,0.042588
3,7,0.139115
3,7,0.17404
3,7,0.099641
3,7,0.054807
3,7,0.047497
3,7,0.003433
3,7,0
3,7,0
3,7,0
3,7,0
3,7,0
3,8,0
3,8,0
3,8,0
3,8,0
3,8,0
3,8,0
3,8,0
3,8,0
3,8,0
3,8,0.022111
3,8,0.047892
3,8,0.020914
3,8,0.01843
3,8,0.097754
3,8,0.160571
3,8,0.02394
3,8,0.137476
3,8,0.011498
3,8,0
3,8,0
3,8,0
3,8,0
3,8,0
3,8,0
3,9,0
3,9,0
3,9,0
3,9,0
3,9,0
3,9,0
3,9,0
3,9,0
3,9,0
3,9,0.017809
3,9,0.013099
3,9,0.022593
3,9,0.049093
3,9,0.833333
3,9,0.833333
3,9,0.74527
3,9,0.569374
3,9,0.225755
3,9,0.046569
3,9,0
3,9,0
3,9,0
3,9,0
3,9,0
3,10,0
3,10,0
3,10,0
3,10,0
3,10,0
3,10,0
3,10,0
3,10,0
3,10,0
3,10,0.005723
3,10,0.070409
3,10,0.036089
3,10,0.129831
3,10,0.833333
3,10,0.833333
3,10,0.706324
3,10,0.538749
3,10,0.153999
3,10,0.018122
3,10,0
3,10,0
3,10,0
3,10,0
3,10,0
3,11,0
3,11,0
3,11,0
3,11,0
3,11,0
3,11,0
3,11,0
3,11,0
3,11,0.059016
3,11,0.329227
3,11,0.569897
3,11,0.749826
3,11,0.833333
3,11,0.833333
3,11,0.833333
3,11,0.739354
3,11,0.568454
3,11,0.341218
3,11,0.089734
3,11,0
3,11,0
3,11,0
3,11,0
3,11,0
3,12,0
3,12,0
3,12,0
3,12,0
3,12,0
3,12,0
3,12,0
3,12,0
3,12,0
3,12,0.007529
3,12,0.026877
3,12,0.032272
3,12,0.833333
3,12,0.053166
3,12,0.833333
3,12,0.101245
3,12,0.075195
3,12,0.263462
3,12,0.066227
3,12,0
3,12,0
3,12,0
3,12,0
3,12,0
3,13,0
3,13,0
3,13,0
3,13,0
3,13,0
3,13,0
3,13,0
3,13,0
3,13,0
3,13,0.01065
3,13,0.02529
3,13,0.045413
3,13,0.778189
3,13,0.810005
3,13,0.777929
3,13,0.669159
3,13,0.157888
3,13,0.009578
3,13,0.027051
3,13,0
3,13,0
3,13,0
3,13,0
3,13,0
3,14,0
3,14,0
3,14,0
3,14,0
3,14,0
3,14,0
3,14,0
3,14,0
3,14,0.09014
3,14,0.348799
3,14,0.584633
3,14,0.755388
3,14,0.833333
3,14,0.833333
3,14,0.833333
3,14,0.737937
3,14,0.567062
3,14,0.342804
3,14,0.09998
3,14,0
3,14,0
3,14,0
3,14,0
3,14,0
3,15,0
3,15,0
3,15,0
3,15,0
3,15,0
3,15,0
3,15,0
3,15,0
3,15,0.094894
3,15,0.33921
3,15,0.026974
3,15,0.699057
3,15,0.785917
3,15,0.817786
3,15,0.784957
3,15,0.047287
3,15,0.534711
3,15,0.327283
3,15,0.100745
3,15,0
3,15,0
3,15,0
3,15,0
3,15,0
3,16,0
3,16,0
3,16,0
3,16,0
3,16,0
3,16,0
3,16,0
3,16,0
3,16,0.090178
3,16,0.317266
3,16,0.522024
3,16,0.677268
3,16,0.768779
3,16,0.802641
3,16,0.779286
3,16,0.694041
3,16,0.542553
3,16,0.338415
3,16,0.108186
3,16,0
3,16,0
3,16,0
3,16,0
3,16,0
3,17,0
3,17,0
3,17,0
3,17,0
3,17,0
3,17,0
3,17,0
3,17,0
3,17,0.002091
3,17,0.319342
3,17,0.525094
3,17,0.680773
3,17,0.775617
3,17,0.814346
3,17,0.788647
3,17,0.697957
3,17,0.546567
3,17,0.343057
3,17,0.112374
3,17,0
3,17,0
3,17,0
3,17,0
3,17,0
3,18,0
3,18,0
3,18,0
3,18,0
3,18,0
3,18,0
3,18,0
3,18,0
3,18,0.027529
3,18,0.018935
3,18,0.012244
3,18,0.024781
3,18,0.094124
3,18,0.072008
3,18,0.167738
3,18,0.104571
3,18,0.102071
3,18,0.024845
3,18,0.000545
3,18,0
3,18,0
3,18,0
3,18,0
3,18,0
3,19,0
3,19,0
3,19,0
3,19,0
3,19,0
3,19,0
3,19,0
3,19,0
3,19,0.102988
3,19,0.324174
3,19,0.527987
3,19,0.679333
3,19,0.260747
3,19,0.134578
3,19,0.15403
3,19,0.678018
3,19,0.530796
3,19,0.336821
3,19,0.114658
3,19,0
3,19,0
3,19,0
3,19,0
3,19,0
3,20,0
3,20,0
3,20,0
3,20,0
3,20,0
3,20,0
3,20,0
3,20,0
3,20,0.000581
3,20,0.009334
3,20,0.074355
3,20,0.174605
3,20,0.262487
3,20,0.362032
3,20,0.271387
3,20,0.419844
3,20,0.14631
3,20,0.288227
3,20,0.083363
3,20,0
3,20,0
3,20,0
3,20,0
3,20,0
3,21,0
3,21,0
3,21,0
3,21,0
3,21,0
3,21,0
3,21,0
3,21,0
3,21,0.098398
3,21,0.234601
3,21,0.12313
3,21,0.645223
3,21,0.16511
3,21,0.221564
3,21,0.249779
3,21,0.114807
3,21,0.512569
3,21,0.319251
3,21,0.086454
3,21,0
3,21,0
3,21,0
3,21,0
3,21,0
3,22,0
3,22,0
3,22,0
3,22,0
3,22,0
3,22,0
3,22,0
3,22,0
3,22,0.122634
3,22,0.3492
3,22,0.545087
3,22,0.684233
3,22,0.764795
3,22,0.787958
3,22,0.759317
3,22,0.269821
3,22,0.528961
3,22,0.338455
3,22,0.00911
3,22,0
3,22,0
3,22,0
3,22,0
3,22,0
3,23,0
3,23,0
3,23,0
3,23,0
3,23,0
3,23,0
3,23,0
3,23,0
3,23,0.020914
3,23,0.046522
3,23,0.04636
3,23,0.17437
3,23,0.156255
3,23,0.223292
3,23,0.12124
3,23,0.284513
3,23,0.071051
3,23,0.106306
3,23,0.012622
3,23,0
3,23,0
3,23,0
3,23,0
3,23,0
3,24,0
3,24,0
3,24,0
3,24,0
3,24,0
3,24,0
3,24,0
3,24,0.000665
3,24,0.117603
3,24,0.036069
3,24,0.083837
3,24,0.256291
3,24,0.373901
3,24,0.528497
3,24,0.450536
3,24,0.415398
3,24,0.412638
3,24,0.217634
3,24,0.12224
3,24,0.00056
3,24,0
3,24,0
3,24,0
3,24,0
3,25,0
3,25,0
3,25,0
3,25,0
3,25,0
3,25,0
3,25,0
3,25,0
3,25,0.040778
3,25,0.32636
3,25,0.146329
3,25,0.360076
3,25,0.33709
3,25,0.188729
3,25,0.127058
3,25,0.127852
3,25,0.119138
3,25,0.306921
3,25,0.020675
3,25,0.001864
3,25,0
3,25,0
3,25,0
3,25,0
3,26,0
3,26,0
3,26,0
3,26,0
3,26,0
3,26,0
3,26,0
3,26,0
3,26,0.031948
3,26,0.349229
3,26,0.546598
3,26,0.695847
3,26,0.785305
3,26,0.8184
3,26,0.784038
3,26,0.598739
3,26,0.491904
3,26,0.332683
3,26,0.076508
3,26,0.001121
3,26,0
3,26,0
3,26,0
3,26,0
3,27,0
3,27,0
3,27,0
3,27,0
3,27,0
3,27,0
3,27,0
3,27,0
3,27,0.018823
3,27,0.22653
3,27,0.326011
3,27,0.687998
3,27,0.766858
3,27,0.799232
3,27,0.769828
3,27,0.673353
3,27,0.531292
3,27,0.343548
3,27,0.133592
3,27,0.005295
3,27,0
3,27,0
3,27,0
3,27,0
3,28,0
3,28,0
3,28,0
3,28,0
3,28,0
3,28,0
3,28,0
3,28,0.00631
3,28,0.002117
3,28,0.025891
3,28,0.207189
3,28,0.427934
3,28,0.830293
3,28,0.833333
3,28,0.82355
3,28,0.724429
3,28,0.569661
3,28,0.175369
3,28,0.131734
3,28,0.005761
3,28,0
3,28,0
3,28,0
3,28,0
3,29,0
3,29,0
3,29,0
3,29,0
3,29,0
3,29,0
3,29,0
3,29,0.008031
3,29,0.00296
3,29,0.030245
3,29,0.060669
3,29,0.117406
3,29,0.214271
3,29,0.308875
3,29,0.179061
3,29,0.132364
3,29,0.05359
3,29,0.203262
3,29,0.035427
3,29,0.000312
3,29,0
3,29,0
3,29,0
3,29,0
3,30,0
3,30,0
3,30,0
3,30,0
3,30,0
3,30,0
3,30,0
3,30,0.009488
3,30,0.183022
3,30,0.158866
3,30,0.1886
3,30,0.126288
3,30,0.253465
3,30,0.160787
3,30,0.268549
3,30,0.264836
3,30,0.067104
3,30,0.406901
3,30,0.166287
3,30,0.007176
3,30,0
3,30,0
3,30,0
3,30,0
3,31,0
3,31,0
3,31,0
3,31,0
3,31,0
3,31,0
3,31,0
3,31,0
3,31,0.014219
3,31,0.031125
3,31,0.057113
3,31,0.081719
3,31,0.169448
3,31,0.301868
3,31,0.218623
3,31,0.728175
3,31,0.578729
3,31,0.387471
3,31,0.158826
3,31,0.006374
3,31,0
3,31,0
3,31,0
3,31,0
4,1,0
4,1,0
4,1,0
4,1,0
4,1,0
4,1,0
4,1,0
4,1,0.015092
4,1,0.186263
4,1,0.419632
4,1,0.600015
4,1,0.731232
4,1,0.804024
4,1,0.833091
4,1,0.796076
4,1,0.704353
4,1,0.564284
4,1,0.380292
4,1,0.157407
4,1,0.008564
4,1,0
4,1,0
4,1,0
4,1,0
4,2,0
4,2,0
4,2,0
4,2,0
4,2,0
4,2,0
4,2,0
4,2,0
4,2,0.00678
4,2,0.067926
4,2,0.58987
4,2,0.725572
4,2,0.143014
4,2,0.282761
4,2,0.184225
4,2,0.133759
4,2,0.110661
4,2,0.335637
4,2,0.00244
4,2,0
4,2,0
4,2,0
4,2,0
4,2,0
4,3,0
4,3,0
4,3,0
4,3,0
4,3,0
4,3,0
4,3,0
4,3,0.021363
4,3,0.207822
4,3,0.451169
4,3,0.643194
4,3,0.779173
4,3,0.833333
4,3,0.833333
4,3,0.833333
4,3,0.751445
4,3,0.601762
4,3,0.406095
4,3,0.1713
4,3,0.013754
4,3,0
4,3,0
4,3,0
4,3,0
4,4,0
4,4,0
4,4,0
4,4,0
4,4,0
4,4,0
4,4,0
4,4,0.000987
4,4,0.204316
4,4,0.43806
4,4,0.618276
4,4,0.751906
4,4,0.108969
4,4,0.044977
4,4,0.087913
4,4,0.030089
4,4,0.014079
4,4,0.006546
4,4,0.023154
4,4,0.003339
4,4,0
4,4,0
4,4,0
4,4,0
4,5,0
4,5,0
4,5,0
4,5,0
4,5,0
4,5,0
4,5,0
4,5,0
4,5,0.001254
4,5,0.018115
4,5,0.032997
4,5,0.054392
4,5,0.033131
4,5,0.065812
4,5,0.073442
4,5,0.043129
4,5,0.016872
4,5,0.012768
4,5,0.006477
4,5,0
4,5,0
4,5,0
4,5,0
4,5,0
4,6,0
4,6,0
4,6,0
4,6,0
4,6,0
4,6,0
4,6,0
4,6,0.026881
4,6,0
4,6,0.015149
4,6,0.038695
4,6,0.71154
4,6,0.789045
4,6,0.820068
4,6,0.793455
4,6,0.093587
4,6,0.023874
4,6,0.00295
4,6,0.006914
4,6,0.016895
4,6,0
4,6,0
4,6,0
4,6,0
4,7,0
4,7,0
4,7,0
4,7,0
4,7,0
4,7,0
4,7,0
4,7,0.000773
4,7,0.037773
4,7,0.007638
4,7,0.013651
4,7,0.016962
4,7,0.767631
4,7,0.789799
4,7,0.763911
4,7,0.653458
4,7,0.521547
4,7,0.353793
4,7,0.084014
4,7,0.017225
4,7,0
4,7,0
4,7,0
4,7,0
4,8,0
4,8,0
4,8,0
4,8,0
4,8,0
4,8,0
4,8,0
4,8,0.03259
4,8,0.047509
4,8,0.022709
4,8,0.575681
4,8,0.714238
4,8,0.238207
4,8,0.257397
4,8,0.232268
4,8,0.690099
4,8,0.552181
4,8,0.052632
4,8,0.083659
4,8,0
4,8,0
4,8,0
4,8,0
4,8,0
4,9,0
4,9,0
4,9,0
4,9,0
4,9,0
4,9,0
4,9,0
4,9,0.00333
4,9,0.065338
4,9,0.409003
4,9,0.575961
4,9,0.240426
4,9,0.769064
4,9,0.782821
4,9,0.748374
4,9,0.672493
4,9,0.537006
4,9,0.364925
4,9,0.131297
4,9,0.021914
4,9,0
4,9,0
4,9,0
4,9,0
4,10,0
4,10,0
4,10,0
4,10,0
4,10,0
4,10,0
4,10,0
4,10,0.036938
4,10,0.19979
4,10,0.166205
4,10,0.321411
4,10,0.46506
4,10,0.777033
4,10,0.805096
4,10,0.584026
4,10,0.331033
4,10,0.464478
4,10,0.38841
4,10,0.16097
4,10,0.022121
4,10,0
4,10,0
4,10,0
4,10,0
4,11,0
4,11,0
4,11,0
4,11,0
4,11,0
4,11,0
4,11,0
4,11,0.037151
4,11,0.226
4,11,0.453862
4,11,0.637105
4,11,0.765409
4,11,0.833333
4,11,0.833333
4,11,0.822062
4,11,0.732334
4,11,0.58841
4,11,0.403723
4,11,0.179953
4,11,0.023378
4,11,0
4,11,0
4,11,0
4,11,0
4,12,0
4,12,0
4,12,0
4,12,0
4,12,0
4,12,0
4,12,0
4,12,0.042897
4,12,0.224473
4,12,0.446322
4,12,0.620189
4,12,0.751744
4,12,0.826232
4,12,0.833333
4,12,0.804452
4,12,0.714415
4,12,0.572732
4,12,0.386783
4,12,0.172363
4,12,0.026291
4,12,0
4,12,0
4,12,0
4,12,0
4,13,0
4,13,0
4,13,0
4,13,0
4,13,0
4,13,0
4,13,0
4,13,0.045117
4,13,0.214626
4,13,0.418363
4,13,0.584666
4,13,0.7067
4,13,0.771035
4,13,0.786445
4,13,0.755133
4,13,0.684341
4,13,0.552861
4,13,0.380051
4,13,0.174043
4,13,0.025533
4,13,0
4,13,0
4,13,0
4,13,0
4,14,0
4,14,0
4,14,0
4,14,0
4,14,0
4,14,0
4,14,0.00099
4,14,0.044176
4,14,0.229378
4,14,0.445416
4,14,0.61565
4,14,0.739602
4,14,0.813847
4,14,0.830929
4,14,0.79568
4,14,0.715321
4,14,0.574143
4,14,0.395674
4,14,0.180058
4,14,0.025259
4,14,0
4,14,0
4,14,0
4,14,0
4,15,0
4,15,0
4,15,0
4,15,0
4,15,0
4,15,0
4,15,0.001421
4,15,0.048396
4,15,0.219809
4,15,0.425767
4,15,0.594603
4,15,0.722319
4,15,0.797629
4,15,0.816316
4,15,0.781974
4,15,0.700099
4,15,0.550846
4,15,0.277051
4,15,0.164409
4,15,0.034982
4,15,0
4,15,0
4,15,0
4,15,0
4,16,0
4,16,0
4,16,0
4,16,0
4,16,0
4,16,0
4,16,0.001984
4,16,0.052995
4,16,0.212364
4,16,0.420258
4,16,0.597108
4,16,0.7291
4,16,0.639953
4,16,0.833333
4,16,0.801045
4,16,0.409831
4,16,0.58003
4,16,0.398147
4,16,0.183036
4,16,0.030255
4,16,0
4,16,0
4,16,0
4,16,0
4,17,0
4,17,0
4,17,0
4,17,0
4,17,0
4,17,0
4,17,0.002641
4,17,0.056878
4,17,0.245175
4,17,0.468308
4,17,0.647945
4,17,0.783114
4,17,0.833333
4,17,0.833333
4,17,0.629751
4,17,0.618446
4,17,0.604705
4,17,0.418612
4,17,0.186096
4,17,0.0277
4,17,0
4,17,0
4,17,0
4,17,0
4,18,0
4,18,0
4,18,0
4,18,0
4,18,0
4,18,0
4,18,0
4,18,0.007251
4,18,0.022236
4,18,0.03781
4,18,0.033809
4,18,0.04271
4,18,0.186127
4,18,0.168391
4,18,0.156637
4,18,0.104904
4,18,0.206486
4,18,0.135544
4,18,0.032478
4,18,0.029143
4,18,0
4,18,0
4,18,0
4,18,0
4,19,0
4,19,0
4,19,0
4,19,0
4,19,0
4,19,0
4,19,0
4,19,0.021553
4,19,0.06712
4,19,0.06822
4,19,0.094151
4,19,0.106349
4,19,0.090798
4,19,0.11325
4,19,0.091554
4,19,0.083539
4,19,0.099791
4,19,0.016554
4,19,0.011786
4,19,0.030361
4,19,0
4,19,0
4,19,0
4,19,0
4,20,0
4,20,0
4,20,0
4,20,0
4,20,0
4,20,0
4,20,0
4,20,0.001047
4,20,0.010483
4,20,0.01172
4,20,0.048351
4,20,0.05562
4,20,0.070404
4,20,0.044617
4,20,0.103286
4,20,0.248481
4,20,0.08893
4,20,0.044251
4,20,0.004976
4,20,0.030855
4,20,0
4,20,0
4,20,0
4,20,0
4,21,0
4,21,0
4,21,0
4,21,0
4,21,0
4,21,0
4,21,0
4,21,0.008252
4,21,0.011734
4,21,0.0191
4,21,0.026392
4,21,0.014728
4,21,0.037185
4,21,0.035782
4,21,0.133413
4,21,0.077271
4,21,0.039457
4,21,0.067103
4,21,0.178256
4,21,0.028014
4,21,0
4,21,0
4,21,0
4,21,0
4,22,0
4,22,0
4,22,0
4,22,0
4,22,0
4,22,0
4,22,0.009758
4,22,0.070238
4,22,0.226177
4,22,0.415754
4,22,0.281601
4,22,0.284841
4,22,0.430549
4,22,0.616928
4,22,0.559989
4,22,0.678574
4,22,0.388335
4,22,0.029456
4,22,0.151967
4,22,0.005289
4,22,0
4,22,0
4,22,0
4,22,0
4,23,0
4,23,0
4,23,0
4,23,0
4,23,0
4,23,0
4,23,0.003823
4,23,0.031934
4,23,0.052396
4,23,0.239445
4,23,0.123056
4,23,0.083963
4,23,0.203472
4,23,0.092652
4,23,0.159918
4,23,0.086934
4,23,0.059093
4,23,0.095699
4,23,0.183226
4,23,0.040717
4,23,0.003043
4,23,0
4,23,0
4,23,0
4,24,0
4,24,0
4,24,0
4,24,0
4,24,0
4,24,0
4,24,0.012111
4,24,0.070589
4,24,0.260639
4,24,0.462442
4,24,0.614827
4,24,0.725718
4,24,0.626069
4,24,0.650011
4,24,0.774036
4,24,0.692991
4,24,0.565271
4,24,0.361523
4,24,0.179665
4,24,0.034517
4,24,0.004449
4,24,0
4,24,0
4,24,0
4,25,0
4,25,0
4,25,0
4,25,0
4,25,0
4,25,0
4,25,0.01248
4,25,0.069428
4,25,0.251143
4,25,0.443787
4,25,0.35675
4,25,0.495901
4,25,0.611421
4,25,0.511507
4,25,0.667572
4,25,0.584591
4,25,0.436192
4,25,0.302213
4,25,0.106289
4,25,0.033649
4,25,0.00056
4,25,0
4,25,0
4,25,0
4,26,0
4,26,0
4,26,0
4,26,0
4,26,0
4,26,0
4,26,0.014224
4,26,0.011359
4,26,0.137318
4,26,0.302145
4,26,0.370733
4,26,0.359082
4,26,0.094299
4,26,0.313162
4,26,0.577541
4,26,0.554516
4,26,0.348955
4,26,0.290843
4,26,0.176865
4,26,0.040463
4,26,0.005316
4,26,0
4,26,0
4,26,0
4,27,0
4,27,0
4,27,0
4,27,0
4,27,0
4,27,0
4,27,0
4,27,0.005467
4,27,0.190284
4,27,0.167523
4,27,0.335116
4,27,0.654155
4,27,0.741281
4,27,0.585566
4,27,0.660839
4,27,0.519662
4,27,0.463834
4,27,0.309179
4,27,0.20688
4,27,0.037368
4,27,0.002151
4,27,0
4,27,0
4,27,0
4,28,0
4,28,0
4,28,0
4,28,0
4,28,0
4,28,0
4,28,0.01085
4,28,0.07464
4,28,0.241339
4,28,0.470089
4,28,0.602039
4,28,0.770694
4,28,0.833333
4,28,0.833333
4,28,0.828044
4,28,0.744844
4,28,0.611969
4,28,0.437665
4,28,0.221287
4,28,0.051753
4,28,0.008409
4,28,0
4,28,0
4,28,0
4,29,0
4,29,0
4,29,0
4,29,0
4,29,0
4,29,0
4,29,0.019971
4,29,0.06542
4,29,0.015964
4,29,0.140403
4,29,0.202132
4,29,0.023695
4,29,0.067249
4,29,0.281525
4,29,0.193008
4,29,0.748476
4,29,0.616349
4,29,0.441539
4,29,0.223139
4,29,0.045305
4,29,0.010557
4,29,0
4,29,0
4,29,0
4,30,0
4,30,0
4,30,0
4,30,0
4,30,0
4,30,0
4,30,0.021897
4,30,0.09291
4,30,0.290562
4,30,0.490808
4,30,0.646292
4,30,0.749891
4,30,0.808248
4,30,0.822611
4,30,0.792955
4,30,0.567738
4,30,0.485125
4,30,0.35975
4,30,0.171219
4,30,0.044877
4,30,0.008963
4,30,0
4,30,0
4,30,0
5,1,0
5,1,0
5,1,0
5,1,0
5,1,0
5,1,0
5,1,0.01894
5,1,0.062764
5,1,0.121689
5,1,0.41786
5,1,0.502541
5,1,0.503131
5,1,0.539831
5,1,0.55243
5,1,0.467023
5,1,0.443981
5,1,0.398219
5,1,0.271494
5,1,0.096824
5,1,0.037303
5,1,0.000061
5,1,0
5,1,0
5,1,0
5,2,0
5,2,0
5,2,0
5,2,0
5,2,0
5,2,0
5,2,0.020266
5,2,0.014578
5,2,0.013853
5,2,0.278105
5,2,0.508613
5,2,0.633146
5,2,0.675965
5,2,0.468264
5,2,0.532973
5,2,0.52573
5,2,0.554304
5,2,0.392925
5,2,0.197582
5,2,0.044401
5,2,0.010637
5,2,0
5,2,0
5,2,0
5,3,0
5,3,0
5,3,0
5,3,0
5,3,0
5,3,0
5,3,0.020749
5,3,0.073282
5,3,0.207937
5,3,0.452357
5,3,0.562127
5,3,0.700005
5,3,0.739624
5,3,0.659654
5,3,0.707216
5,3,0.542256
5,3,0.42856
5,3,0.286141
5,3,0.163104
5,3,0.040622
5,3,0.012948
5,3,0
5,3,0
5,3,0
5,4,0
5,4,0
5,4,0
5,4,0
5,4,0
5,4,0
5,4,0.024479
5,4,0.068708
5,4,0.15034
5,4,0.412176
5,4,0.441426
5,4,0.190067
5,4,0.037285
5,4,0.044869
5,4,0.072394
5,4,0.100223
5,4,0.069763
5,4,0.067437
5,4,0.094396
5,4,0.046216
5,4,0.007675
5,4,0
5,4,0
5,4,0
5,5,0
5,5,0
5,5,0
5,5,0
5,5,0
5,5,0
5,5,0.029549
5,5,0.051648
5,5,0.184991
5,5,0.171112
5,5,0.348688
5,5,0.40343
5,5,0.109605
5,5,0.523544
5,5,0.385597
5,5,0.545291
5,5,0.209041
5,5,0.089483
5,5,0.175437
5,5,0.048838
5,5,0
5,5,0
5,5,0
5,5,0
5,6,0
5,6,0
5,6,0
5,6,0
5,6,0
5,6,0
5,6,0
5,6,0.071279
5,6,0.116061
5,6,0.198142
5,6,0.540937
5,6,0.403677
5,6,0.24943
5,6,0.265022
5,6,0.312917
5,6,0.503805
5,6,0.067757
5,6,0.068614
5,6,0.11408
5,6,0.034126
5,6,0.007892
5,6,0
5,6,0
5,6,0
5,7,0
5,7,0
5,7,0
5,7,0
5,7,0
5,7,0
5,7,0.024137
5,7,0.052725
5,7,0.089282
5,7,0.228177
5,7,0.250641
5,7,0.269223
5,7,0.324214
5,7,0.215607
5,7,0.210478
5,7,0.175507
5,7,0.10027
5,7,0.070936
5,7,0.021245
5,7,0.056389
5,7,0
5,7,0
5,7,0
5,7,0
5,8,0
5,8,0
5,8,0
5,8,0
5,8,0
5,8,0
5,8,0.026028
5,8,0.069521
5,8,0.175569
5,8,0.131282
5,8,0.226313
5,8,0.420522
5,8,0.54648
5,8,0.544735
5,8,0.178023
5,8,0.194973
5,8,0.118301
5,8,0.067946
5,8,0.033128
5,8,0.008705
5,8,0
5,8,0
5,8,0
5,8,0
5,9,0
5,9,0
5,9,0
5,9,0
5,9,0
5,9,0
5,9,0.026881
5,9,0.006817
5,9,0.129316
5,9,0.039882
5,9,0.089989
5,9,0.084442
5,9,0.131358
5,9,0.109439
5,9,0.185316
5,9,0.167709
5,9,0.194487
5,9,0.101489
5,9,0.114766
5,9,0.002175
5,9,0.011336
5,9,0
5,9,0
5,9,0
5,10,0
5,10,0
5,10,0
5,10,0
5,10,0
5,10,0
5,10,0.028716
5,10,0.015026
5,10,0.058833
5,10,0.19171
5,10,0.220709
5,10,0.402483
5,10,0.208189
5,10,0.455284
5,10,0.403749
5,10,0.106926
5,10,0.116571
5,10,0.218352
5,10,0.207025
5,10,0.065832
5,10,0.02332
5,10,0
5,10,0
5,10,0
5,11,0
5,11,0
5,11,0
5,11,0
5,11,0
5,11,0.001476
5,11,0.02821
5,11,0.105216
5,11,0.277719
5,11,0.460405
5,11,0.607265
5,11,0.717443
5,11,0.305574
5,11,0.345016
5,11,0.117682
5,11,0.109992
5,11,0.304424
5,11,0.088089
5,11,0.212887
5,11,0.06788
5,11,0.020934
5,11,0
5,11,0
5,11,0
5,12,0
5,12,0
5,12,0
5,12,0
5,12,0
5,12,0.001947
5,12,0.024766
5,12,0.089355
5,12,0.224699
5,12,0.392199
5,12,0.225898
5,12,0.545336
5,12,0.514552
5,12,0.46379
5,12,0.532446
5,12,0.234373
5,12,0.449746
5,12,0.37884
5,12,0.207288
5,12,0.012188
5,12,0.025576
5,12,0
5,12,0
5,12,0
5,13,0
5,13,0
5,13,0
5,13,0
5,13,0
5,13,0.001141
5,13,0.029995
5,13,0.089466
5,13,0.232744
5,13,0.343471
5,13,0.330918
5,13,0.442595
5,13,0.513019
5,13,0.339226
5,13,0.533318
5,13,0.580071
5,13,0.478285
5,13,0.340886
5,13,0.170996
5,13,0.05975
5,13,0.022075
5,13,0
5,13,0
5,13,0
5,14,0
5,14,0
5,14,0
5,14,0
5,14,0
5,14,0
5,14,0.032465
5,14,0.015123
5,14,0.203107
5,14,0.088915
5,14,0.364976
5,14,0.230745
5,14,0.289941
5,14,0.491426
5,14,0.607226
5,14,0.118627
5,14,0.384591
5,14,0.089796
5,14,0.216928
5,14,0.071135
5,14,0.026967
5,14,0
5,14,0
5,14,0
5,15,0
5,15,0
5,15,0
5,15,0
5,15,0
5,15,0
5,15,0.014899
5,15,0.015896
5,15,0.060788
5,15,0.184902
5,15,0.272989
5,15,0.418693
5,15,0.528922
5,15,0.288684
5,15,0.181774
5,15,0.23946
5,15,0.217741
5,15,0.1881
5,15,0.157589
5,15,0.065025
5,15,0.024584
5,15,0
5,15,0
5,15,0
5,16,0
5,16,0
5,16,0
5,16,0
5,16,0
5,16,0.004143
5,16,0.03482
5,16,0.096666
5,16,0.311709
5,16,0.509158
5,16,0.664215
5,16,0.772295
5,16,0.833333
5,16,0.833333
5,16,0.809693
5,16,0.725382
5,16,0.604169
5,16,0.440159
5,16,0.235625
5,16,0.056299
5,16,0.020709
5,16,0.000919
5,16,0
5,16,0
5,17,0
5,17,0
5,17,0
5,17,0
5,17,0
5,17,0.004634
5,17,0.028075
5,17,0.108221
5,17,0.304235
5,17,0.492786
5,17,0.639211
5,17,0.747788
5,17,0.811071
5,17,0.82838
5,17,0.793961
5,17,0.710071
5,17,0.588724
5,17,0.428195
5,17,0.232557
5,17,0.063893
5,17,0.02322
5,17,0.001322
5,17,0
5,17,0
5,18,0
5,18,0
5,18,0
5,18,0
5,18,0
5,18,0
5,18,0.011956
5,18,0.09443
5,18,0.060913
5,18,0.333639
5,18,0.543147
5,18,0.514092
5,18,0.7154
5,18,0.833333
5,18,0.633238
5,18,0.716085
5,18,0.588495
5,18,0.426302
5,18,0.229871
5,18,0.063542
5,18,0.024845
5,18,0.001272
5,18,0
5,18,0
5,19,0
5,19,0
5,19,0
5,19,0
5,19,0
5,19,0.001439
5,19,0.024617
5,19,0.058665
5,19,0.239347
5,19,0.486833
5,19,0.633714
5,19,0.742175
5,19,0.805347
5,19,0.822261
5,19,0.790006
5,19,0.710796
5,19,0.589536
5,19,0.431784
5,19,0.235958
5,19,0.063451
5,19,0.024405
5,19,0.001719
5,19,0
5,19,0
5,20,0
5,20,0
5,20,0
5,20,0
5,20,0
5,20,0.007508
5,20,0.034363
5,20,0.111446
5,20,0.311211
5,20,0.49957
5,20,0.646957
5,20,0.744649
5,20,0.80032
5,20,0.813802
5,20,0.783471
5,20,0.707098
5,20,0.58613
5,20,0.43183
5,20,0.236192
5,20,0.060995
5,20,0.022677
5,20,0.001185
5,20,0
5,20,0
5,21,0
5,21,0
5,21,0
5,21,0
5,21,0
5,21,0.002471
5,21,0.036284
5,21,0.094737
5,21,0.210549
5,21,0.374367
5,21,0.536141
5,21,0.618271
5,21,0.655413
5,21,0.663488
5,21,0.644316
5,21,0.575934
5,21,0.477398
5,21,0.351002
5,21,0.17651
5,21,0.065189
5,21,0.02826
5,21,0
5,21,0
5,21,0
5,22,0
5,22,0
5,22,0
5,22,0
5,22,0
5,22,0.007051
5,22,0.037733
5,22,0.098179
5,22,0.226176
5,22,0.420436
5,22,0.549797
5,22,0.641588
5,22,0.684981
5,22,0.696969
5,22,0.666861
5,22,0.592045
5,22,0.488639
5,22,0.24382
5,22,0.139716
5,22,0.066609
5,22,0.029536
5,22,0.000532
5,22,0
5,22,0
5,23,0
5,23,0
5,23,0
5,23,0
5,23,0
5,23,0.009127
5,23,0.038469
5,23,0.098258
5,23,0.275812
5,23,0.440016
5,23,0.584271
5,23,0.693118
5,23,0.747656
5,23,0.768141
5,23,0.742664
5,23,0.654496
5,23,0.543394
5,23,0.397338
5,23,0.224118
5,23,0.071942
5,23,0.027307
5,23,0.001156
5,23,0
5,23,0
5,24,0
5,24,0
5,24,0
5,24,0
5,24,0
5,24,0.010484
5,24,0.036886
5,24,0.118213
5,24,0.291171
5,24,0.466319
5,24,0.607287
5,24,0.709691
5,24,0.773229
5,24,0.784525
5,24,0.750331
5,24,0.673594
5,24,0.55649
5,24,0.407994
5,24,0.229514
5,24,0.070447
5,24,0.028153
5,24,0.00182
5,24,0
5,24,0
5,25,0
5,25,0
5,25,0
5,25,0
5,25,0
5,25,0.011543
5,25,0.039268
5,25,0.080862
5,25,0.169862
5,25,0.402542
5,25,0.586439
5,25,0.687092
5,25,0.741902
5,25,0.761364
5,25,0.73795
5,25,0.630542
5,25,0.422753
5,25,0.381735
5,25,0.200781
5,25,0.069116
5,25,0.029864
5,25,0
5,25,0
5,25,0
5,26,0
5,26,0
5,26,0
5,26,0
5,26,0
5,26,0.00924
5,26,0.014813
5,26,0.072817
5,26,0.143519
5,26,0.312338
5,26,0.387889
5,26,0.161818
5,26,0.371579
5,26,0.405529
5,26,0.320943
5,26,0.139803
5,26,0.067983
5,26,0.222455
5,26,0.091285
5,26,0.064816
5,26,0
5,26,0
5,26,0
5,26,0
5,27,0
5,27,0
5,27,0
5,27,0
5,27,0
5,27,0.002107
5,27,0.033395
5,27,0.100155
5,27,0.148647
5,27,0.246141
5,27,0.387758
5,27,0.594206
5,27,0.625939
5,27,0.681652
5,27,0.599894
5,27,0.507497
5,27,0.418943
5,27,0.332717
5,27,0.195885
5,27,0.072225
5,27,0.036962
5,27,0.002966
5,27,0
5,27,0
5,28,0
5,28,0
5,28,0
5,28,0
5,28,0
5,28,0.013688
5,28,0.044936
5,28,0.102899
5,28,0.231585
5,28,0.468075
5,28,0.611839
5,28,0.717793
5,28,0.771196
5,28,0.787337
5,28,0.756282
5,28,0.685719
5,28,0.56495
5,28,0.415077
5,28,0.233785
5,28,0.074522
5,28,0.023956
5,28,0.003264
5,28,0
5,28,0
5,29,0
5,29,0
5,29,0
5,29,0
5,29,0
5,29,0.013718
5,29,0.03833
5,29,0.11647
5,29,0.293371
5,29,0.462936
5,29,0.601561
5,29,0.701227
5,29,0.761583
5,29,0.777822
5,29,0.746569
5,29,0.673675
5,29,0.555874
5,29,0.409298
5,29,0.2325
5,29,0.068507
5,29,0.023003
5,29,0.004308
5,29,0
5,29,0
5,30,0
5,30,0
5,30,0
5,30,0
5,30,0
5,30,0.012816
5,30,0.042129
5,30,0.084677
5,30,0.259035
5,30,0.329975
5,30,0.500544
5,30,0.233733
5,30,0.38531
5,30,0.194278
5,30,0.294304
5,30,0.144365
5,30,0.268616
5,30,0.33269
5,30,0.207188
5,30,0.074117
5,30,0.025923
5,30,0.006105
5,30,0
5,30,0
5,31,0
5,31,0
5,31,0
5,31,0
5,31,0
5,31,0.016021
5,31,0.034473
5,31,0.106976
5,31,0.198713
5,31,0.409287
5,31,0.501485
5,31,0.609577
5,31,0.656631
5,31,0.631883
5,31,0.650233
5,31,0.517824
5,31,0.421043
5,31,0.338448
5,31,0.180524
5,31,0.076989
5,31,0.022119
5,31,0.006686
5,31,0
5,31,0
6,1,0
6,1,0
6,1,0
6,1,0
6,1,0
6,1,0.014068
6,1,0.025389
6,1,0.110877
6,1,0.304586
6,1,0.479968
6,1,0.612355
6,1,0.708154
6,1,0.759502
6,1,0.767574
6,1,0.734907
6,1,0.663917
6,1,0.559901
6,1,0.416307
6,1,0.194714
6,1,0.069729
6,1,0.026732
6,1,0.007216
6,1,0
6,1,0
6,2,0
6,2,0
6,2,0
6,2,0
6,2,0
6,2,0.014781
6,2,0.037321
6,2,0.109086
6,2,0.19191
6,2,0.466331
6,2,0.595371
6,2,0.68481
6,2,0.736784
6,2,0.752334
6,2,0.727672
6,2,0.663138
6,2,0.563067
6,2,0.420817
6,2,0.228099
6,2,0.07134
6,2,0.026879
6,2,0.007257
6,2,0
6,2,0
6,3,0
6,3,0
6,3,0
6,3,0
6,3,0
6,3,0.014964
6,3,0.010548
6,3,0.022616
6,3,0.067687
6,3,0.142811
6,3,0.598336
6,3,0.682035
6,3,0.740073
6,3,0.765146
6,3,0.74429
6,3,0.62194
6,3,0.346461
6,3,0.427117
6,3,0.198512
6,3,0.071205
6,3,0.025657
6,3,0.008697
6,3,0
6,3,0
6,4,0
6,4,0
6,4,0
6,4,0
6,4,0
6,4,0.012229
6,4,0.023709
6,4,0.111582
6,4,0.31131
6,4,0.494206
6,4,0.635746
6,4,0.74012
6,4,0.796547
6,4,0.808783
6,4,0.518972
6,4,0.550244
6,4,0.021941
6,4,0.27985
6,4,0.237877
6,4,0.073869
6,4,0.027289
6,4,0.008989
6,4,0
6,4,0
6,5,0
6,5,0
6,5,0
6,5,0
6,5,0
6,5,0.001699
6,5,0.012971
6,5,0.027104
6,5,0.213491
6,5,0.14626
6,5,0.155346
6,5,0.416195
6,5,0.57596
6,5,0.591461
6,5,0.175676
6,5,0.223823
6,5,0.14857
6,5,0.085917
6,5,0.053775
6,5,0.076026
6,5,0.026824
6,5,0.00935
6,5,0
6,5,0
6,6,0
6,6,0
6,6,0
6,6,0
6,6,0
6,6,0.014822
6,6,0.02482
6,6,0.114234
6,6,0.312736
6,6,0.340728
6,6,0.56734
6,6,0.639449
6,6,0.63362
6,6,0.642059
6,6,0.789768
6,6,0.475506
6,6,0.339263
6,6,0.19204
6,6,0.108714
6,6,0.051212
6,6,0.025823
6,6,0.004401
6,6,0
6,6,0
6,7,0
6,7,0
6,7,0
6,7,0
6,7,0
6,7,0.015403
6,7,0.027998
6,7,0.113897
6,7,0.311604
6,7,0.497784
6,7,0.643113
6,7,0.749448
6,7,0.807352
6,7,0.824702
6,7,0.649577
6,7,0.702463
6,7,0.590146
6,7,0.439623
6,7,0.252294
6,7,0.073011
6,7,0.024441
6,7,0.010687
6,7,0
6,7,0
6,8,0
6,8,0
6,8,0
6,8,0
6,8,0
6,8,0.018204
6,8,0.045816
6,8,0.102829
6,8,0.133192
6,8,0.229796
6,8,0.289698
6,8,0.317159
6,8,0.529182
6,8,0.382764
6,8,0.391719
6,8,0.190264
6,8,0.306304
6,8,0.164509
6,8,0.102631
6,8,0.079401
6,8,0.037525
6,8,0.011093
6,8,0
6,8,0
6,9,0
6,9,0
6,9,0
6,9,0
6,9,0
6,9,0.011505
6,9,0.036609
6,9,0.068083
6,9,0.092489
6,9,0.194411
6,9,0.285289
6,9,0.062593
6,9,0.110478
6,9,0.112821
6,9,0.08541
6,9,0.08072
6,9,0.288081
6,9,0.093418
6,9,0.152347
6,9,0.081697
6,9,0.022932
6,9,0.010845
6,9,0
6,9,0
6,10,0
6,10,0
6,10,0
6,10,0
6,10,0
6,10,0.00115
6,10,0.009786
6,10,0.0204
6,10,0.068286
6,10,0.09634
6,10,0.110496
6,10,0.411734
6,10,0.396673
6,10,0.554533
6,10,0.111388
6,10,0.221729
6,10,0.402578
6,10,0.369323
6,10,0.238236
6,10,0.08314
6,10,0.029877
6,10,0.011532
6,10,0
6,10,0
6,11,0
6,11,0
6,11,0
6,11,0
6,11,0
6,11,0.018442
6,11,0.046826
6,11,0.097697
6,11,0.233793
6,11,0.224492
6,11,0.088426
6,11,0.133266
6,11,0.130815
6,11,0.16579
6,11,0.155949
6,11,0.307743
6,11,0.424949
6,11,0.198188
6,11,0.135132
6,11,0.085656
6,11,0.040745
6,11,0.012701
6,11,0
6,11,0
6,12,0
6,12,0
6,12,0
6,12,0
6,12,0
6,12,0.019287
6,12,0.036125
6,12,0.046395
6,12,0.06932
6,12,0.253733
6,12,0.158162
6,12,0.297493
6,12,0.32782
6,12,0.608126
6,12,0.583604
6,12,0.50472
6,12,0.304696
6,12,0.280735
6,12,0.113611
6,12,0.083239
6,12,0.039995
6,12,0.013105
6,12,0
6,12,0
6,13,0
6,13,0
6,13,0
6,13,0
6,13,0
6,13,0.018268
6,13,0.045675
6,13,0.096721
6,13,0.020793
6,13,0.052526
6,13,0.071345
6,13,0.01313
6,13,0.033799
6,13,0.22114
6,13,0.50686
6,13,0.365336
6,13,0.495042
6,13,0.28433
6,13,0.106156
6,13,0.002629
6,13,0
6,13,0
6,13,0
6,13,0
6,14,0
6,14,0
6,14,0
6,14,0
6,14,0
6,14,0
6,14,0.001427
6,14,0.005936
6,14,0.062536
6,14,0.074379
6,14,0.029037
6,14,0.142984
6,14,0.08551
6,14,0.144316
6,14,0.341036
6,14,0.22065
6,14,0.22966
6,14,0.226647
6,14,0.216554
6,14,0.092986
6,14,0.043983
6,14,0.014456
6,14,0
6,14,0
6,15,0
6,15,0
6,15,0
6,15,0
6,15,0
6,15,0.019758
6,15,0.037232
6,15,0.106399
6,15,0.293804
6,15,0.465616
6,15,0.600761
6,15,0.701017
6,15,0.413377
6,15,0.076867
6,15,0.636449
6,15,0.69134
6,15,0.583999
6,15,0.443939
6,15,0.236332
6,15,0.085777
6,15,0.031729
6,15,0.012239
6,15,0
6,15,0
6,16,0
6,16,0
6,16,0
6,16,0
6,16,0
6,16,0.009899
6,16,0.032956
6,16,0.060931
6,16,0.064024
6,16,0.177189
6,16,0.221114
6,16,0.421553
6,16,0.516987
6,16,0.800764
6,16,0.769303
6,16,0.69623
6,16,0.588901
6,16,0.443879
6,16,0.261096
6,16,0.083262
6,16,0.028093
6,16,0.013756
6,16,0
6,16,0
6,17,0
6,17,0
6,17,0
6,17,0
6,17,0.000014
6,17,0.017547
6,17,0.02924
6,17,0.105001
6,17,0.250753
6,17,0.479903
6,17,0.61101
6,17,0.709762
6,17,0.760886
6,17,0.595779
6,17,0.750479
6,17,0.390906
6,17,0.102507
6,17,0.29847
6,17,0.022325
6,17,0.044329
6,17,0.022506
6,17,0.004358
6,17,0
6,17,0
6,18,0
6,18,0
6,18,0
6,18,0
6,18,0
6,18,0.017462
6,18,0.027981
6,18,0.110102
6,18,0.309721
6,18,0.495403
6,18,0.640959
6,18,0.749804
6,18,0.80731
6,18,0.82443
6,18,0.701702
6,18,0.569185
6,18,0.504189
6,18,0.454512
6,18,0.268409
6,18,0.082904
6,18,0.025708
6,18,0.01265
6,18,0
6,18,0
6,19,0
6,19,0
6,19,0
6,19,0
6,19,0.000014
6,19,0.018234
6,19,0.031751
6,19,0.105767
6,19,0.069255
6,19,0.475538
6,19,0.616754
6,19,0.71162
6,19,0.76349
6,19,0.776221
6,19,0.543399
6,19,0.567557
6,19,0.466053
6,19,0.378314
6,19,0.193438
6,19,0.090207
6,19,0.043257
6,19,0.014358
6,19,0
6,19,0
6,20,0
6,20,0
6,20,0
6,20,0
6,20,0
6,20,0.019596
6,20,0.041858
6,20,0.104568
6,20,0.140666
6,20,0.330005
6,20,0.59733
6,20,0.605849
6,20,0.75721
6,20,0.077454
6,20,0.246093
6,20,0.609345
6,20,0.420799
6,20,0.326337
6,20,0.107028
6,20,0.068612
6,20,0.036667
6,20,0.010279
6,20,0
6,20,0
6,21,0
6,21,0
6,21,0
6,21,0
6,21,0
6,21,0.018089
6,21,0.042972
6,21,0.103075
6,21,0.177909
6,21,0.203735
6,21,0.287497
6,21,0.356179
6,21,0.540001
6,21,0.669536
6,21,0.665932
6,21,0.577511
6,21,0.497123
6,21,0.422256
6,21,0.259002
6,21,0.086652
6,21,0.032728
6,21,0.012684
6,21,0
6,21,0
6,22,0
6,22,0
6,22,0
6,22,0
6,22,0
6,22,0
6,22,0.007762
6,22,0.016165
6,22,0.046456
6,22,0.038641
6,22,0.046804
6,22,0.306811
6,22,0.568867
6,22,0.7638
6,22,0.742093
6,22,0.38151
6,22,0.200307
6,22,0.162619
6,22,0.170922
6,22,0.069602
6,22,0.036666
6,22,0.010292
6,22,0
6,22,0
6,23,0
6,23,0
6,23,0
6,23,0
6,23,0
6,23,0
6,23,0.001995
6,23,0.007128
6,23,0.051733
6,23,0.05919
6,23,0.098481
6,23,0.115321
6,23,0.170943
6,23,0.323092
6,23,0.511647
6,23,0.388904
6,23,0.56477
6,23,0.431195
6,23,0.256881
6,23,0.086824
6,23,0.031594
6,23,0.014385
6,23,0
6,23,0
6,24,0
6,24,0
6,24,0
6,24,0
6,24,0
6,24,0.007173
6,24,0.02617
6,24,0.049423
6,24,0.030491
6,24,0.142037
6,24,0.384633
6,24,0.222876
6,24,0.736791
6,24,0.750058
6,24,0.736684
6,24,0.674369
6,24,0.568447
6,24,0.430405
6,24,0.222584
6,24,0.089285
6,24,0.027577
6,24,0.01366
6,24,0
6,24,0
6,25,0
6,25,0
6,25,0
6,25,0
6,25,0
6,25,0.016044
6,25,0.046508
6,25,0.091708
6,25,0.292089
6,25,0.467646
6,25,0.601079
6,25,0.702588
6,25,0.619348
6,25,0.458278
6,25,0.29281
6,25,0.501487
6,25,0.405883
6,25,0.374972
6,25,0.191677
6,25,0.070747
6,25,0.036728
6,25,0.009894
6,25,0
6,25,0
6,26,0
6,26,0
6,26,0
6,26,0
6,26,0
6,26,0
6,26,0.007173
6,26,0.016481
6,26,0.008477
6,26,0.033425
6,26,0.063726
6,26,0.112827
6,26,0.128691
6,26,0.029911
6,26,0.36405
6,26,0.205874
6,26,0.080552
6,26,0.271201
6,26,0.170712
6,26,0.06172
6,26,0.031938
6,26,0.007957
6,26,0
6,26,0
6,27,0
6,27,0
6,27,0
6,27,0
6,27,0
6,27,0.005258
6,27,0.022186
6,27,0.043915
6,27,0.03559
6,27,0.057688
6,27,0.08596
6,27,0.152852
6,27,0.447441
6,27,0.376427
6,27,0.276033
6,27,0.263607
6,27,0.158063
6,27,0.023077
6,27,0.016775
6,27,0.030261
6,27,0.014187
6,27,0.002128
6,27,0
6,27,0
6,28,0
6,28,0
6,28,0
6,28,0
6,28,0
6,28,0.016836
6,28,0.045951
6,28,0.091728
6,28,0.123313
6,28,0.089109
6,28,0.31756
6,28,0.577398
6,28,0.55627
6,28,0.45506
6,28,0.359525
6,28,0.425664
6,28,0.413602
6,28,0.278979
6,28,0.195519
6,28,0.097557
6,28,0.042655
6,28,0.01558
6,28,0
6,28,0
6,29,0
6,29,0
6,29,0
6,29,0
6,29,0
6,29,0
6,29,0.00265
6,29,0.00849
6,29,0.060403
6,29,0.039354
6,29,0.203391
6,29,0.238954
6,29,0.116987
6,29,0.101628
6,29,0.271118
6,29,0.397416
6,29,0.401874
6,29,0.243601
6,29,0.059456
6,29,0.016312
6,29,0.007094
6,29,0
6,29,0
6,29,0
6,30,0
6,30,0
6,30,0
6,30,0
6,30,0
6,30,0.010191
6,30,0.034208
6,30,0.064446
6,30,0.117834
6,30,0.145058
6,30,0.16372
6,30,0.227511
6,30,0.320132
6,30,0.224422
6,30,0.29379
6,30,0.688077
6,30,0.587512
6,30,0.367971
6,30,0.266574
6,30,0.082424
6,30,0.022565
6,30,0.011702
6,30,0
6,30,0
7,1,0
7,1,0
7,1,0
7,1,0
7,1,0
7,1,0.013967
7,1,0.042477
7,1,0.092168
7,1,0.198406
7,1,0.303951
7,1,0.303685
7,1,0.203293
7,1,0.479134
7,1,0.434783
7,1,0.581697
7,1,0.663749
7,1,0.56187
7,1,0.097369
7,1,0.201116
7,1,0.085015
7,1,0.035522
7,1,0.013124
7,1,0
7,1,0
7,2,0
7,2,0
7,2,0
7,2,0
7,2,0
7,2,0.008091
7,2,0.041501
7,2,0.098663
7,2,0.272312
7,2,0.324942
7,2,0.307007
7,2,0.567124
7,2,0.558361
7,2,0.641902
7,2,0.430322
7,2,0.67874
7,2,0.57177
7,2,0.431875
7,2,0.257302
7,2,0.087498
7,2,0.029449
7,2,0.012427
7,2,0
7,2,0
7,3,0
7,3,0
7,3,0
7,3,0
7,3,0
7,3,0.012947
7,3,0.026092
7,3,0.093452
7,3,0.271517
7,3,0.444861
7,3,0.58381
7,3,0.687204
7,3,0.749781
7,3,0.771536
7,3,0.750198
7,3,0.68993
7,3,0.584458
7,3,0.443693
7,3,0.263742
7,3,0.088228
7,3,0.033146
7,3,0.013146
7,3,0
7,3,0
7,4,0
7,4,0
7,4,0
7,4,0
7,4,0
7,4,0.012187
7,4,0.030454
7,4,0.029102
7,4,0.085717
7,4,0.085472
7,4,0.027564
7,4,0.017033
7,4,0.024001
7,4,0.072191
7,4,0.104416
7,4,0.152409
7,4,0.118619
7,4,0.216969
7,4,0.119307
7,4,0.017835
7,4,0.004958
7,4,0.011892
7,4,0
7,4,0
7,5,0
7,5,0
7,5,0
7,5,0
7,5,0
7,5,0.013472
7,5,0.038337
7,5,0.095101
7,5,0.220305
7,5,0.311326
7,5,0.369406
7,5,0.325585
7,5,0.359256
7,5,0.301227
7,5,0.216144
7,5,0.197942
7,5,0.081996
7,5,0.255649
7,5,0.170737
7,5,0.054513
7,5,0.034776
7,5,0
7,5,0
7,5,0
7,6,0
7,6,0
7,6,0
7,6,0
7,6,0
7,6,0.006106
7,6,0.027718
7,6,0.031517
7,6,0.063554
7,6,0.026283
7,6,0.043761
7,6,0.11804
7,6,0.049198
7,6,0.13626
7,6,0.138787
7,6,0.096696
7,6,0.142326
7,6,0.018216
7,6,0.026995
7,6,0.019334
7,6,0.034324
7,6,0.012387
7,6,0
7,6,0
7,7,0
7,7,0
7,7,0
7,7,0
7,7,0
7,7,0
7,7,0.030996
7,7,0.092542
7,7,0.037441
7,7,0.193527
7,7,0.393058
7,7,0.60454
7,7,0.406185
7,7,0.257433
7,7,0.16453
7,7,0.189297
7,7,0.221917
7,7,0.225479
7,7,0.038256
7,7,0.068351
7,7,0.030505
7,7,0.011731
7,7,0
7,7,0
7,8,0
7,8,0
7,8,0
7,8,0
7,8,0
7,8,0
7,8,0
7,8,0.034474
7,8,0.031547
7,8,0.077014
7,8,0.134787
7,8,0.085811
7,8,0.121184
7,8,0.11127
7,8,0.133523
7,8,0.129427
7,8,0.086367
7,8,0.112898
7,8,0.16834
7,8,0.063018
7,8,0.027144
7,8,0.011591
7,8,0
7,8,0
7,9,0
7,9,0
7,9,0
7,9,0
7,9,0
7,9,0.012017
7,9,0.018211
7,9,0.069338
7,9,0.158514
7,9,0.319946
7,9,0.115404
7,9,0.272925
7,9,0.111078
7,9,0.28891
7,9,0.371949
7,9,0.23331
7,9,0.40656
7,9,0.285056
7,9,0.195097
7,9,0.085822
7,9,0.037268
7,9,0.010774
7,9,0
7,9,0
7,10,0
7,10,0
7,10,0
7,10,0
7,10,0
7,10,0.011423
7,10,0.026203
7,10,0.088274
7,10,0.154713
7,10,0.332207
7,10,0.480911
7,10,0.449674
7,10,0.720843
7,10,0.697213
7,10,0.707655
7,10,0.65257
7,10,0.553682
7,10,0.421555
7,10,0.252824
7,10,0.087525
7,10,0.029507
7,10,0.010041
7,10,0
7,10,0
7,11,0
7,11,0
7,11,0
7,11,0
7,11,0
7,11,0.005536
7,11,0.030139
7,11,0.084196
7,11,0.12718
7,11,0.245314
7,11,0.388065
7,11,0.43694
7,11,0.533202
7,11,0.197727
7,11,0.14797
7,11,0.052934
7,11,0.405083
7,11,0.300928
7,11,0.157903
7,11,0.081055
7,11,0.033631
7,11,0.010217
7,11,0
7,11,0
7,12,0
7,12,0
7,12,0
7,12,0
7,12,0
7,12,0.001067
7,12,0.005021
7,12,0.087452
7,12,0.192466
7,12,0.144169
7,12,0.164849
7,12,0.124987
7,12,0.207543
7,12,0.169056
7,12,0.186797
7,12,0.143754
7,12,0.195195
7,12,0.156607
7,12,0.094918
7,12,0.053496
7,12,0.006959
7,12,0.007242
7,12,0
7,12,0
7,13,0
7,13,0
7,13,0
7,13,0
7,13,0
7,13,0
7,13,0.007657
7,13,0.070265
7,13,0.169178
7,13,0.264042
7,13,0.407799
7,13,0.538899
7,13,0.662242
7,13,0.658148
7,13,0.530481
7,13,0.494461
7,13,0.254043
7,13,0.355113
7,13,0.217776
7,13,0.085173
7,13,0.025727
7,13,0.008134
7,13,0
7,13,0
7,14,0
7,14,0
7,14,0
7,14,0
7,14,0
7,14,0.004052
7,14,0.032368
7,14,0.087174
7,14,0.276354
7,14,0.379595
7,14,0.431117
7,14,0.292844
7,14,0.436282
7,14,0.273465
7,14,0.145192
7,14,0.343552
7,14,0.219093
7,14,0.229507
7,14,0.059762
7,14,0.083207
7,14,0.020069
7,14,0.007265
7,14,0
7,14,0
7,15,0
7,15,0
7,15,0
7,15,0
7,15,0
7,15,0.007444
7,15,0.021055
7,15,0.083901
7,15,0.274499
7,15,0.462766
7,15,0.609889
7,15,0.330852
7,15,0.436701
7,15,0.33482
7,15,0.620754
7,15,0.5907
7,15,0.431921
7,15,0.323125
7,15,0.18529
7,15,0.064989
7,15,0.029847
7,15,0.006431
7,15,0
7,15,0
7,16,0
7,16,0
7,16,0
7,16,0
7,16,0
7,16,0.001967
7,16,0.023351
7,16,0.046837
7,16,0.113335
7,16,0.089561
7,16,0.0832
7,16,0.034563
7,16,0.071616
7,16,0.03315
7,16,0.061926
7,16,0.018891
7,16,0.033387
7,16,0.008787
7,16,0.040786
7,16,0.035064
7,16,0.03176
7,16,0.006356
7,16,0
7,16,0
7,17,0
7,17,0
7,17,0
7,17,0
7,17,0
7,17,0
7,17,0
7,17,0.012372
7,17,0.029485
7,17,0.035104
7,17,0.117802
7,17,0.245565
7,17,0.665341
7,17,0.423864
7,17,0.478964
7,17,0.132132
7,17,0.137197
7,17,0.271604
7,17,0.261218
7,17,0.086665
7,17,0.028251
7,17,0.005769
7,17,0
7,17,0
7,18,0
7,18,0
7,18,0
7,18,0
7,18,0
7,18,0.005651
7,18,0.012202
7,18,0.013762
7,18,0.02637
7,18,0.090457
7,18,0.230167
7,18,0.224279
7,18,0.125322
7,18,0.196494
7,18,0.145666
7,18,0.099812
7,18,0.203915
7,18,0.098319
7,18,0.257429
7,18,0.084297
7,18,0.027735
7,18,0.004226
7,18,0
7,18,0
7,19,0
7,19,0
7,19,0
7,19,0
7,19,0
7,19,0.001304
7,19,0.027232
7,19,0.047285
7,19,0.088208
7,19,0.343321
7,19,0.588488
7,19,0.588147
7,19,0.591842
7,19,0.5472
7,19,0.441519
7,19,0.492946
7,19,0.269977
7,19,0.090225
7,19,0.247231
7,19,0.07813
7,19,0.025919
7,19,0.004071
7,19,0
7,19,0
7,20,0
7,20,0
7,20,0
7,20,0
7,20,0
7,20,0.003914
7,20,0.025815
7,20,0.080314
7,20,0.2518
7,20,0.430569
7,20,0.468182
7,20,0.67271
7,20,0.610435
7,20,0.551091
7,20,0.542826
7,20,0.524303
7,20,0.38641
7,20,0.252596
7,20,0.17463
7,20,0.076472
7,20,0.011637
7,20,0
7,20,0
7,20,0
7,21,0
7,21,0
7,21,0
7,21,0
7,21,0
7,21,0.003567
7,21,0.030253
7,21,0.078551
7,21,0.007059
7,21,0.057254
7,21,0.052132
7,21,0.06663
7,21,0.146542
7,21,0.176187
7,21,0.229825
7,21,0.168053
7,21,0.174459
7,21,0.049408
7,21,0.006325
7,21,0.073636
7,21,0.008104
7,21,0
7,21,0
7,21,0
7,22,0
7,22,0
7,22,0
7,22,0
7,22,0
7,22,0.003573
7,22,0.00378
7,22,0.002633
7,22,0.010282
7,22,0.010766
7,22,0.022846
7,22,0.016932
7,22,0.115241
7,22,0.059406
7,22,0.088128
7,22,0.039266
7,22,0.044352
7,22,0.087047
7,22,0.039112
7,22,0.04362
7,22,0.006932
7,22,0
7,22,0
7,22,0
7,23,0
7,23,0
7,23,0
7,23,0
7,23,0
7,23,0.002904
7,23,0.019324
7,23,0.073627
7,23,0.177227
7,23,0.22791
7,23,0.317445
7,23,0.167238
7,23,0.112192
7,23,0.075754
7,23,0.049233
7,23,0.097741
7,23,0.099197
7,23,0.106682
7,23,0.057282
7,23,0.071343
7,23,0.025125
7,23,0.002732
7,23,0
7,23,0
7,24,0
7,24,0
7,24,0
7,24,0
7,24,0
7,24,0.002482
7,24,0.003802
7,24,0.02823
7,24,0.045287
7,24,0.130309
7,24,0.184451
7,24,0.24015
7,24,0.250055
7,24,0.40334
7,24,0.431766
7,24,0.389641
7,24,0.244235
7,24,0.165569
7,24,0.042411
7,24,0.069685
7,24,0.026395
7,24,0.002663
7,24,0
7,24,0
7,25,0
7,25,0
7,25,0
7,25,0
7,25,0
7,25,0
7,25,0.025011
7,25,0.071353
7,25,0.04916
7,25,0.043153
7,25,0.059047
7,25,0.115696
7,25,0.193185
7,25,0.12187
7,25,0.138201
7,25,0.020945
7,25,0.172296
7,25,0.008278
7,25,0.04441
7,25,0.074746
7,25,0.002543
7,25,0
7,25,0
7,25,0
7,26,0
7,26,0
7,26,0
7,26,0
7,26,0
7,26,0
7,26,0.007567
7,26,0.074008
7,26,0.103268
7,26,0.190049
7,26,0.403662
7,26,0.168701
7,26,0.175663
7,26,0.171339
7,26,0.171311
7,26,0.187129
7,26,0.076115
7,26,0.126531
7,26,0.042805
7,26,0.050211
7,26,0.027472
7,26,0.000108
7,26,0
7,26,0
7,27,0
7,27,0
7,27,0
7,27,0
7,27,0
7,27,0
7,27,0
7,27,0.002003
7,27,0.042816
7,27,0.15444
7,27,0.224881
7,27,0.368692
7,27,0.530702
7,27,0.267236
7,27,0.063275
7,27,0.413891
7,27,0.213169
7,27,0.199636
7,27,0.241236
7,27,0.072424
7,27,0.026527
7,27,0
7,27,0
7,27,0
7,28,0
7,28,0
7,28,0
7,28,0
7,28,0
7,28,0
7,28,0
7,28,0.00644
7,28,0.031355
7,28,0.161262
7,28,0.195979
7,28,0.307376
7,28,0.547856
7,28,0.51845
7,28,0.49442
7,28,0.658594
7,28,0.553431
7,28,0.41443
7,28,0.21521
7,28,0.063962
7,28,0
7,28,0
7,28,0
7,28,0
7,29,0
7,29,0
7,29,0
7,29,0
7,29,0
7,29,0
7,29,0
7,29,0.015454
7,29,0.061489
7,29,0.132146
7,29,0.206659
7,29,0.121384
7,29,0.150912
7,29,0.484577
7,29,0.163638
7,29,0.020486
7,29,0.012312
7,29,0.278591
7,29,0.192799
7,29,0.068936
7,29,0.023517
7,29,0.000258
7,29,0
7,29,0
7,30,0
7,30,0
7,30,0
7,30,0
7,30,0
7,30,0.001143
7,30,0.020013
7,30,0.067085
7,30,0.245284
7,30,0.428516
7,30,0.570839
7,30,0.669635
7,30,0.723999
7,30,0.73715
7,30,0.38984
7,30,0.532711
7,30,0.439716
7,30,0.338366
7,30,0.230141
7,30,0.069497
7,30,0.020192
7,30,0.000614
7,30,0
7,30,0
7,31,0
7,31,0
7,31,0
7,31,0
7,31,0
7,31,0.000302
7,31,0.019304
7,31,0.065917
7,31,0.239098
7,31,0.422332
7,31,0.569087
7,31,0.673116
7,31,0.735302
7,31,0.752798
7,31,0.725418
7,31,0.20891
7,31,0.093391
7,31,0.059411
7,31,0.071937
7,31,0.021165
7,31,0.014774
7,31,0
7,31,0
7,31,0
8,1,0
8,1,0
8,1,0
8,1,0
8,1,0
8,1,0
8,1,0.009847
8,1,0.010958
8,1,0.113095
8,1,0.081125
8,1,0.207302
8,1,0.274057
8,1,0.199007
8,1,0.117971
8,1,0.107566
8,1,0.020861
8,1,0.08498
8,1,0.03769
8,1,0.079998
8,1,0.064267
8,1,0.010454
8,1,0
8,1,0
8,1,0
8,2,0
8,2,0
8,2,0
8,2,0
8,2,0
8,2,0
8,2,0.022556
8,2,0.008363
8,2,0.016873
8,2,0.018053
8,2,0.023053
8,2,0.059624
8,2,0.098111
8,2,0.157693
8,2,0.451692
8,2,0.109559
8,2,0.160514
8,2,0.425258
8,2,0.108272
8,2,0.061953
8,2,0.00114
8,2,0
8,2,0
8,2,0
8,3,0
8,3,0
8,3,0
8,3,0
8,3,0
8,3,0
8,3,0.000588
8,3,0.0129
8,3,0.030044
8,3,0.250455
8,3,0.298961
8,3,0.431516
8,3,0.25469
8,3,0.325887
8,3,0.283867
8,3,0.184779
8,3,0.134447
8,3,0.096949
8,3,0.032075
8,3,0.040884
8,3,0
8,3,0
8,3,0
8,3,0
8,4,0
8,4,0
8,4,0
8,4,0
8,4,0
8,4,0
8,4,0.005389
8,4,0.053119
8,4,0.012276
8,4,0.041259
8,4,0.020976
8,4,0.07188
8,4,0.063726
8,4,0.105246
8,4,0.201359
8,4,0.183025
8,4,0.250483
8,4,0.241541
8,4,0.050547
8,4,0.05995
8,4,0.020719
8,4,0
8,4,0
8,4,0
8,5,0
8,5,0
8,5,0
8,5,0
8,5,0
8,5,0
8,5,0.018327
8,5,0.014786
8,5,0.004489
8,5,0.016005
8,5,0.045015
8,5,0.055536
8,5,0.134774
8,5,0.108376
8,5,0.233837
8,5,0.055305
8,5,0.016447
8,5,0.016011
8,5,0.13377
8,5,0.059956
8,5,0.016747
8,5,0
8,5,0
8,5,0
8,6,0
8,6,0
8,6,0
8,6,0
8,6,0
8,6,0
8,6,0.001179
8,6,0.062573
8,6,0.248117
8,6,0.445621
8,6,0.602153
8,6,0.464764
8,6,0.232136
8,6,0.382493
8,6,0.112186
8,6,0.04023
8,6,0.076015
8,6,0.060709
8,6,0.169452
8,6,0.055468
8,6,0.014896
8,6,0
8,6,0
8,6,0
8,7,0
8,7,0
8,7,0
8,7,0
8,7,0
8,7,0
8,7,0.012219
8,7,0.058801
8,7,0.247732
8,7,0.442675
8,7,0.594445
8,7,0.589922
8,7,0.538257
8,7,0.593292
8,7,0.389326
8,7,0.459297
8,7,0.320012
8,7,0.200488
8,7,0.197171
8,7,0.054441
8,7,0.014353
8,7,0
8,7,0
8,7,0
8,8,0
8,8,0
8,8,0
8,8,0
8,8,0
8,8,0
8,8,0.016005
8,8,0.061009
8,8,0.235859
8,8,0.427307
8,8,0.579669
8,8,0.46037
8,8,0.757858
8,8,0.404242
8,8,0.267536
8,8,0.375634
8,8,0.220762
8,8,0.291052
8,8,0.187887
8,8,0.05831
8,8,0.014852
8,8,0
8,8,0
8,8,0
8,9,0
8,9,0
8,9,0
8,9,0
8,9,0
8,9,0
8,9,0.01303
8,9,0.045721
8,9,0.124376
8,9,0.273265
8,9,0.490056
8,9,0.603274
8,9,0.719949
8,9,0.660477
8,9,0.579032
8,9,0.508184
8,9,0.39857
8,9,0.313343
8,9,0.210494
8,9,0.054702
8,9,0.014451
8,9,0
8,9,0
8,9,0
8,10,0
8,10,0
8,10,0
8,10,0
8,10,0
8,10,0
8,10,0.014347
8,10,0.054931
8,10,0.166178
8,10,0.40689
8,10,0.066762
8,10,0.562955
8,10,0.599459
8,10,0.719891
8,10,0.700047
8,10,0.563248
8,10,0.485309
8,10,0.377731
8,10,0.172341
8,10,0.048688
8,10,0.012635
8,10,0
8,10,0
8,10,0
8,11,0
8,11,0
8,11,0
8,11,0
8,11,0
8,11,0
8,11,0.014858
8,11,0.054517
8,11,0.137179
8,11,0.185228
8,11,0.383996
8,11,0.486332
8,11,0.459583
8,11,0.410837
8,11,0.302909
8,11,0.377859
8,11,0.24236
8,11,0.16389
8,11,0.117086
8,11,0.043145
8,11,0.010472
8,11,0
8,11,0
8,11,0
8,12,0
8,12,0
8,12,0
8,12,0
8,12,0
8,12,0
8,12,0.002437
8,12,0.01139
8,12,0.056654
8,12,0.069268
8,12,0.206484
8,12,0.375638
8,12,0.420725
8,12,0.73025
8,12,0.707661
8,12,0.641445
8,12,0.536928
8,12,0.393927
8,12,0.208211
8,12,0.045021
8,12,0.009507
8,12,0
8,12,0
8,12,0
8,13,0
8,13,0
8,13,0
8,13,0
8,13,0
8,13,0
8,13,0.01009
8,13,0.050373
8,13,0.220827
8,13,0.403952
8,13,0.546287
8,13,0.64931
8,13,0.56651
8,13,0.407566
8,13,0.445985
8,13,0.418781
8,13,0.473476
8,13,0.208674
8,13,0.051666
8,13,0.002989
8,13,0
8,13,0
8,13,0
8,13,0
8,14,0
8,14,0
8,14,0
8,14,0
8,14,0
8,14,0
8,14,0.008845
8,14,0.005823
8,14,0.007148
8,14,0.046508
8,14,0.081582
8,14,0.221404
8,14,0.323805
8,14,0.107993
8,14,0.132526
8,14,0.121144
8,14,0.081525
8,14,0.04035
8,14,0.05543
8,14,0.039263
8,14,0.00807
8,14,0
8,14,0
8,14,0
8,15,0
8,15,0
8,15,0
8,15,0
8,15,0
8,15,0
8,15,0
8,15,0.003903
8,15,0.134324
8,15,0.082424
8,15,0.056205
8,15,0.055613
8,15,0.050745
8,15,0.207285
8,15,0.153005
8,15,0.042662
8,15,0.041549
8,15,0.047926
8,15,0.024092
8,15,0.036939
8,15,0.003905
8,15,0
8,15,0
8,15,0
8,16,0
8,16,0
8,16,0
8,16,0
8,16,0
8,16,0
8,16,0.007387
8,16,0.049062
8,16,0.228227
8,16,0.115533
8,16,0.146089
8,16,0.667717
8,16,0.724007
8,16,0.745106
8,16,0.722525
8,16,0.652783
8,16,0.543884
8,16,0.394232
8,16,0.20184
8,16,0.03886
8,16,0.004175
8,16,0
8,16,0
8,16,0
8,17,0
8,17,0
8,17,0
8,17,0
8,17,0
8,17,0
8,17,0.005631
8,17,0.047225
8,17,0.230059
8,17,0.430596
8,17,0.407041
8,17,0.312699
8,17,0.544147
8,17,0.646862
8,17,0.648513
8,17,0.584112
8,17,0.508483
8,17,0.196362
8,17,0.114461
8,17,0.038669
8,17,0.003528
8,17,0
8,17,0
8,17,0
8,18,0
8,18,0
8,18,0
8,18,0
8,18,0
8,18,0
8,18,0
8,18,0.030425
8,18,0.010405
8,18,0.089571
8,18,0.110022
8,18,0.091446
8,18,0.12259
8,18,0.062952
8,18,0.119036
8,18,0.20337
8,18,0.390005
8,18,0.063574
8,18,0.111254
8,18,0.038774
8,18,0.003432
8,18,0
8,18,0
8,18,0
8,19,0
8,19,0
8,19,0
8,19,0
8,19,0
8,19,0
8,19,0.00424
8,19,0.044747
8,19,0
8,19,0.000723
8,19,0.031767
8,19,0.110785
8,19,0.101352
8,19,0.089443
8,19,0.052393
8,19,0.198107
8,19,0.202164
8,19,0.204192
8,19,0.182334
8,19,0.037889
8,19,0.002416
8,19,0
8,19,0
8,19,0
8,20,0
8,20,0
8,20,0
8,20,0
8,20,0
8,20,0
8,20,0.002134
8,20,0.037668
8,20,0.128644
8,20,0.093867
8,20,0.176479
8,20,0.314004
8,20,0.539845
8,20,0.433637
8,20,0.280582
8,20,0.346404
8,20,0.345183
8,20,0.209863
8,20,0.013437
8,20,0.002475
8,20,0
8,20,0
8,20,0
8,20,0
8,21,0
8,21,0
8,21,0
8,21,0
8,21,0
8,21,0
8,21,0
8,21,0.014722
8,21,0.011047
8,21,0.029948
8,21,0.057844
8,21,0.084154
8,21,0.079849
8,21,0.076897
8,21,0.095004
8,21,0.124445
8,21,0.293603
8,21,0.155518
8,21,0.030746
8,21,0.033128
8,21,0
8,21,0
8,21,0
8,21,0
8,22,0
8,22,0
8,22,0
8,22,0
8,22,0
8,22,0
8,22,0.00314
8,22,0.042496
8,22,0.01566
8,22,0.044534
8,22,0.038618
8,22,0.043573
8,22,0.052142
8,22,0.028688
8,22,0.090271
8,22,0.06389
8,22,0.210323
8,22,0.054444
8,22,0.011555
8,22,0
8,22,0
8,22,0
8,22,0
8,22,0
8,23,0
8,23,0
8,23,0
8,23,0
8,23,0
8,23,0
8,23,0
8,23,0.014097
8,23,0.113484
8,23,0.126619
8,23,0.188532
8,23,0.339546
8,23,0.459979
8,23,0.479662
8,23,0.377559
8,23,0.233223
8,23,0.090478
8,23,0.071432
8,23,0.030792
8,23,0.027384
8,23,0
8,23,0
8,23,0
8,23,0
8,24,0
8,24,0
8,24,0
8,24,0
8,24,0
8,24,0
8,24,0
8,24,0
8,24,0.003336
8,24,0.144016
8,24,0.087087
8,24,0.316337
8,24,0.501843
8,24,0.439075
8,24,0.116979
8,24,0.494374
8,24,0.11657
8,24,0.021004
8,24,0.115659
8,24,0.029304
8,24,0.00028
8,24,0
8,24,0
8,24,0
8,25,0
8,25,0
8,25,0
8,25,0
8,25,0
8,25,0
8,25,0.001999
8,25,0.005693
8,25,0.009087
8,25,0.089446
8,25,0.10683
8,25,0.152059
8,25,0.166421
8,25,0.403191
8,25,0.383661
8,25,0.591308
8,25,0.156632
8,25,0.003732
8,25,0.026945
8,25,0.029242
8,25,0
8,25,0
8,25,0
8,25,0
8,26,0
8,26,0
8,26,0
8,26,0
8,26,0
8,26,0
8,26,0.002027
8,26,0.029921
8,26,0.210363
8,26,0.409698
8,26,0.570075
8,26,0.685323
8,26,0.755997
8,26,0.777509
8,26,0.74938
8,26,0.67237
8,26,0.524888
8,26,0.350345
8,26,0.055733
8,26,0.024635
8,26,0
8,26,0
8,26,0
8,26,0
8,27,0
8,27,0
8,27,0
8,27,0
8,27,0
8,27,0
8,27,0.001584
8,27,0.036338
8,27,0.186637
8,27,0.34779
8,27,0.488787
8,27,0.553305
8,27,0.422999
8,27,0.636615
8,27,0.64601
8,27,0.528887
8,27,0.409612
8,27,0.271531
8,27,0.112917
8,27,0.006563
8,27,0
8,27,0
8,27,0
8,27,0
8,28,0
8,28,0
8,28,0
8,28,0
8,28,0
8,28,0
8,28,0.000756
8,28,0.037853
8,28,0.204879
8,28,0.399306
8,28,0.550339
8,28,0.657057
8,28,0.722912
8,28,0.741934
8,28,0.717447
8,28,0.643253
8,28,0.529061
8,28,0.367253
8,28,0.167182
8,28,0.019318
8,28,0
8,28,0
8,28,0
8,28,0
8,29,0
8,29,0
8,29,0
8,29,0
8,29,0
8,29,0
8,29,0
8,29,0.035592
8,29,0.205896
8,29,0.407255
8,29,0.419917
8,29,0.52506
8,29,0.579269
8,29,0.350285
8,29,0.515284
8,29,0.454223
8,29,0.523501
8,29,0.359668
8,29,0.161236
8,29,0.020347
8,29,0
8,29,0
8,29,0
8,29,0
8,30,0
8,30,0
8,30,0
8,30,0
8,30,0
8,30,0
8,30,0
8,30,0.036388
8,30,0.201123
8,30,0.396661
8,30,0.551863
8,30,0.068151
8,30,0.075431
8,30,0.178654
8,30,0.105905
8,30,0.527788
8,30,0.435821
8,30,0.35457
8,30,0.156854
8,30,0.020394
8,30,0
8,30,0
8,30,0
8,30,0
8,31,0
8,31,0
8,31,0
8,31,0
8,31,0
8,31,0
8,31,0
8,31,0.034274
8,31,0.198124
8,31,0.390875
8,31,0.540266
8,31,0.459336
8,31,0.505852
8,31,0.465236
8,31,0.210936
8,31,0.220915
8,31,0.194103
8,31,0.066929
8,31,0.016214
8,31,0.007914
8,31,0
8,31,0
8,31,0
8,31,0
9,1,0
9,1,0
9,1,0
9,1,0
9,1,0
9,1,0
9,1,0
9,1,0.015709
9,1,0.075749
9,1,0.066786
9,1,0.083558
9,1,0.176206
9,1,0.102663
9,1,0.092747
9,1,0.409267
9,1,0.047852
9,1,0.006228
9,1,0.070192
9,1,0.110914
9,1,0.014193
9,1,0
9,1,0
9,1,0
9,1,0
9,2,0
9,2,0
9,2,0
9,2,0
9,2,0
9,2,0
9,2,0
9,2,0.011244
9,2,0.036319
9,2,0.042983
9,2,0.186626
9,2,0.203111
9,2,0.049083
9,2,0.093616
9,2,0.157005
9,2,0.015656
9,2,0.02317
9,2,0.017966
9,2,0.011899
9,2,0.0033
9,2,0
9,2,0
9,2,0
9,2,0
9,3,0
9,3,0
9,3,0
9,3,0
9,3,0
9,3,0
9,3,0
9,3,0.006267
9,3,0.006692
9,3,0.013969
9,3,0.036091
9,3,0.032388
9,3,0.043709
9,3,0.042931
9,3,0.05664
9,3,0.045096
9,3,0.048819
9,3,0.008524
9,3,0.047077
9,3,0.007641
9,3,0
9,3,0
9,3,0
9,3,0
9,4,0
9,4,0
9,4,0
9,4,0
9,4,0
9,4,0
9,4,0
9,4,0.02479
9,4,0.096527
9,4,0.191673
9,4,0.436655
9,4,0.706011
9,4,0.231826
9,4,0.673864
9,4,0.708259
9,4,0.471731
9,4,0.534311
9,4,0.365563
9,4,0.15213
9,4,0.010436
9,4,0
9,4,0
9,4,0
9,4,0
9,5,0
9,5,0
9,5,0
9,5,0
9,5,0
9,5,0
9,5,0
9,5,0.030495
9,5,0.20924
9,5,0.421066
9,5,0.508824
9,5,0.662032
9,5,0.606706
9,5,0.521802
9,5,0.394642
9,5,0.292525
9,5,0.188281
9,5,0.084217
9,5,0.027043
9,5,0.005741
9,5,0
9,5,0
9,5,0
9,5,0
9,6,0
9,6,0
9,6,0
9,6,0
9,6,0
9,6,0
9,6,0
9,6,0.00406
9,6,0.005189
9,6,0.020957
9,6,0.026763
9,6,0.032644
9,6,0.053344
9,6,0.00503
9,6,0.298089
9,6,0.023945
9,6,0.005762
9,6,0.011611
9,6,0.017982
9,6,0.004021
9,6,0
9,6,0
9,6,0
9,6,0
9,7,0
9,7,0
9,7,0
9,7,0
9,7,0
9,7,0
9,7,0
9,7,0.021522
9,7,0.182034
9,7,0.151555
9,7,0.157382
9,7,0.194027
9,7,0.245488
9,7,0.16751
9,7,0.088665
9,7,0.014001
9,7,0.106294
9,7,0.1175
9,7,0.029862
9,7,0.003294
9,7,0
9,7,0
9,7,0
9,7,0
9,8,0
9,8,0
9,8,0
9,8,0
9,8,0
9,8,0
9,8,0
9,8,0.008645
9,8,0.171187
9,8,0.22031
9,8,0.306963
9,8,0.235571
9,8,0.087355
9,8,0.317419
9,8,0.099892
9,8,0.235983
9,8,0.201135
9,8,0.056472
9,8,0.027729
9,8,0
9,8,0
9,8,0
9,8,0
9,8,0
9,9,0
9,9,0
9,9,0
9,9,0
9,9,0
9,9,0
9,9,0
9,9,0.023964
9,9,0.198182
9,9,0.412693
9,9,0.578788
9,9,0.698699
9,9,0.662271
9,9,0.734385
9,9,0.67192
9,9,0.20502
9,9,0.243235
9,9,0.227344
9,9,0.118554
9,9,0.003407
9,9,0
9,9,0
9,9,0
9,9,0
9,10,0
9,10,0
9,10,0
9,10,0
9,10,0
9,10,0
9,10,0
9,10,0.023316
9,10,0.202512
9,10,0.421788
9,10,0.585515
9,10,0.704847
9,10,0.773939
9,10,0.789914
9,10,0.752872
9,10,0.661296
9,10,0.52297
9,10,0.342085
9,10,0.126702
9,10,0.003281
9,10,0
9,10,0
9,10,0
9,10,0
9,11,0
9,11,0
9,11,0
9,11,0
9,11,0
9,11,0
9,11,0
9,11,0.018221
9,11,0.187502
9,11,0.406526
9,11,0.56086
9,11,0.667654
9,11,0.722693
9,11,0.600335
9,11,0.542868
9,11,0.539595
9,11,0.421025
9,11,0.284301
9,11,0.057341
9,11,0.00115
9,11,0
9,11,0
9,11,0
9,11,0
9,12,0
9,12,0
9,12,0
9,12,0
9,12,0
9,12,0
9,12,0
9,12,0.018896
9,12,0.193953
9,12,0.407678
9,12,0.565713
9,12,0.679822
9,12,0.746435
9,12,0.761272
9,12,0.723976
9,12,0.61497
9,12,0.498295
9,12,0.32364
9,12,0.060638
9,12,0.000333
9,12,0
9,12,0
9,12,0
9,12,0
9,13,0
9,13,0
9,13,0
9,13,0
9,13,0
9,13,0
9,13,0
9,13,0.012026
9,13,0.164673
9,13,0.382882
9,13,0.525997
9,13,0.343209
9,13,0.313968
9,13,0.182316
9,13,0.134181
9,13,0.329964
9,13,0.318983
9,13,0.098038
9,13,0.025672
9,13,0
9,13,0
9,13,0
9,13,0
9,13,0
9,14,0
9,14,0
9,14,0
9,14,0
9,14,0
9,14,0
9,14,0
9,14,0.003387
9,14,0.032968
9,14,0.144108
9,14,0.138307
9,14,0.128796
9,14,0.091179
9,14,0.209424
9,14,0.202788
9,14,0.077796
9,14,0.078602
9,14,0.07446
9,14,0.009901
9,14,0
9,14,0
9,14,0
9,14,0
9,14,0
9,15,0
9,15,0
9,15,0
9,15,0
9,15,0
9,15,0
9,15,0
9,15,0.000091
9,15,0.01474
9,15,0.017615
9,15,0.002022
9,15,0.022118
9,15,0.099448
9,15,0.313387
9,15,0.689792
9,15,0.17144
9,15,0.285026
9,15,0.114962
9,15,0.099281
9,15,0
9,15,0
9,15,0
9,15,0
9,15,0
9,16,0
9,16,0
9,16,0
9,16,0
9,16,0
9,16,0
9,16,0
9,16,0.000193
9,16,0.052368
9,16,0.233642
9,16,0.219615
9,16,0.284465
9,16,0.225238
9,16,0.265381
9,16,0.17276
9,16,0.077409
9,16,0.049936
9,16,0.02542
9,16,0.008088
9,16,0
9,16,0
9,16,0
9,16,0
9,16,0
9,17,0
9,17,0
9,17,0
9,17,0
9,17,0
9,17,0
9,17,0
9,17,0.009527
9,17,0.079917
9,17,0.050359
9,17,0.009119
9,17,0.015617
9,17,0.00838
9,17,0.02615
9,17,0.039021
9,17,0.056653
9,17,0.046283
9,17,0.06336
9,17,0.011875
9,17,0
9,17,0
9,17,0
9,17,0
9,17,0
9,18,0
9,18,0
9,18,0
9,18,0
9,18,0
9,18,0
9,18,0
9,18,0.001053
9,18,0.047126
9,18,0.257651
9,18,0.530481
9,18,0.244884
9,18,0.277867
9,18,0.53811
9,18,0.342486
9,18,0.242938
9,18,0.189415
9,18,0.094184
9,18,0.013342
9,18,0
9,18,0
9,18,0
9,18,0
9,18,0
9,19,0
9,19,0
9,19,0
9,19,0
9,19,0
9,19,0
9,19,0
9,19,0.001423
9,19,0.036807
9,19,0.084359
9,19,0.184757
9,19,0.165173
9,19,0.4683
9,19,0.228231
9,19,0.306683
9,19,0.174174
9,19,0.110974
9,19,0.177443
9,19,0.065385
9,19,0
9,19,0
9,19,0
9,19,0
9,19,0
9,20,0
9,20,0
9,20,0
9,20,0
9,20,0
9,20,0
9,20,0
9,20,0
9,20,0.088621
9,20,0.12046
9,20,0.336199
9,20,0.488552
9,20,0.175208
9,20,0.266246
9,20,0.645815
9,20,0.109009
9,20,0.150821
9,20,0.080512
9,20,0.033192
9,20,0
9,20,0
9,20,0
9,20,0
9,20,0
9,21,0
9,21,0
9,21,0
9,21,0
9,21,0
9,21,0
9,21,0
9,21,0
9,21,0.01361
9,21,0.076759
9,21,0.170528
9,21,0.270572
9,21,0.31879
9,21,0.331006
9,21,0.406587
9,21,0.421567
9,21,0.169654
9,21,0.103185
9,21,0.019181
9,21,0
9,21,0
9,21,0
9,21,0
9,21,0
9,22,0
9,22,0
9,22,0
9,22,0
9,22,0
9,22,0
9,22,0
9,22,0
9,22,0.020382
9,22,0.309128
9,22,0.513101
9,22,0.568448
9,22,0.541908
9,22,0.638834
9,22,0.44673
9,22,0.412669
9,22,0.290571
9,22,0.087834
9,22,0.01604
9,22,0
9,22,0
9,22,0
9,22,0
9,22,0
9,23,0
9,23,0
9,23,0
9,23,0
9,23,0
9,23,0
9,23,0
9,23,0
9,23,0.017773
9,23,0.160128
9,23,0.107399
9,23,0.271245
9,23,0.457662
9,23,0.43838
9,23,0.404194
9,23,0.315707
9,23,0.153311
9,23,0.066812
9,23,0.048893
9,23,0
9,23,0
9,23,0
9,23,0
9,23,0
9,24,0
9,24,0
9,24,0
9,24,0
9,24,0
9,24,0
9,24,0
9,24,0
9,24,0.014473
9,24,0.025838
9,24,0.021563
9,24,0.042598
9,24,0.06881
9,24,0.225893
9,24,0.20774
9,24,0.097837
9,24,0.043727
9,24,0.022516
9,24,0.005133
9,24,0
9,24,0
9,24,0
9,24,0
9,24,0
9,25,0
9,25,0
9,25,0
9,25,0
9,25,0
9,25,0
9,25,0
9,25,0
9,25,0.016585
9,25,0.123834
9,25,0.075493
9,25,0.132429
9,25,0.124181
9,25,0.127827
9,25,0.168491
9,25,0.023945
9,25,0.064566
9,25,0.020524
9,25,0.002482
9,25,0
9,25,0
9,25,0
9,25,0
9,25,0
9,26,0
9,26,0
9,26,0
9,26,0
9,26,0
9,26,0
9,26,0
9,26,0
9,26,0.013814
9,26,0.059321
9,26,0.090925
9,26,0.051667
9,26,0.171763
9,26,0.302907
9,26,0.076661
9,26,0.049771
9,26,0.15373
9,26,0.23396
9,26,0.031787
9,26,0
9,26,0
9,26,0
9,26,0
9,26,0
9,27,0
9,27,0
9,27,0
9,27,0
9,27,0
9,27,0
9,27,0
9,27,0
9,27,0.010241
9,27,0.02423
9,27,0.127226
9,27,0.092741
9,27,0.047278
9,27,0.26502
9,27,0.167773
9,27,0.059854
9,27,0.036914
9,27,0.018972
9,27,0.001371
9,27,0
9,27,0
9,27,0
9,27,0
9,27,0
9,28,0
9,28,0
9,28,0
9,28,0
9,28,0
9,28,0
9,28,0
9,28,0
9,28,0.010139
9,28,0.044638
9,28,0.273177
9,28,0.150931
9,28,0.033082
9,28,0.088643
9,28,0.066424
9,28,0.246582
9,28,0.144
9,28,0.134971
9,28,0.023345
9,28,0
9,28,0
9,28,0
9,28,0
9,28,0
9,29,0
9,29,0
9,29,0
9,29,0
9,29,0
9,29,0
9,29,0
9,29,0
9,29,0.136532
9,29,0.279284
9,29,0.530729
9,29,0.500629
9,29,0.187745
9,29,0.115929
9,29,0.15471
9,29,0.047563
9,29,0.029422
9,29,0.014951
9,29,0
9,29,0
9,29,0
9,29,0
9,29,0
9,29,0
9,30,0
9,30,0
9,30,0
9,30,0
9,30,0
9,30,0
9,30,0
9,30,0
9,30,0.08089
9,30,0.214261
9,30,0.18737
9,30,0.096422
9,30,0.042215
9,30,0.394936
9,30,0.343017
9,30,0.581386
9,30,0.434013
9,30,0.227682
9,30,0.009497
9,30,0
9,30,0
9,30,0
9,30,0
9,30,0
10,1,0
10,1,0
10,1,0
10,1,0
10,1,0
10,1,0
10,1,0
10,1,0
10,1,0.134582
10,1,0.249638
10,1,0.367838
10,1,0.680094
10,1,0.753816
10,1,0.524992
10,1,0.175113
10,1,0.068307
10,1,0.091639
10,1,0.005991
10,1,0
10,1,0
10,1,0
10,1,0
10,1,0
10,1,0
10,2,0
10,2,0
10,2,0
10,2,0
10,2,0
10,2,0
10,2,0
10,2,0
10,2,0.128007
10,2,0.362257
10,2,0.546443
10,2,0.537758
10,2,0.599152
10,2,0.338019
10,2,0.44927
10,2,0.228485
10,2,0.275914
10,2,0.198702
10,2,0.004432
10,2,0
10,2,0
10,2,0
10,2,0
10,2,0
10,3,0
10,3,0
10,3,0
10,3,0
10,3,0
10,3,0
10,3,0
10,3,0
10,3,0.11111
10,3,0.228393
10,3,0.051274
10,3,0.281234
10,3,0.506192
10,3,0.575821
10,3,0.458537
10,3,0.196341
10,3,0.061809
10,3,0.00076
10,3,0.010197
10,3,0
10,3,0
10,3,0
10,3,0
10,3,0
10,4,0
10,4,0
10,4,0
10,4,0
10,4,0
10,4,0
10,4,0
10,4,0
10,4,0.059023
10,4,0.039022
10,4,0.004762
10,4,0.10404
10,4,0.033549
10,4,0.041799
10,4,0.15454
10,4,0.072894
10,4,0.240657
10,4,0.083716
10,4,0
10,4,0
10,4,0
10,4,0
10,4,0
10,4,0
10,5,0
10,5,0
10,5,0
10,5,0
10,5,0
10,5,0
10,5,0
10,5,0
10,5,0.006841
10,5,0.032574
10,5,0.064822
10,5,0.079753
10,5,0.088764
10,5,0.082419
10,5,0.159002
10,5,0.223894
10,5,0.037172
10,5,0.029328
10,5,0
10,5,0
10,5,0
10,5,0
10,5,0
10,5,0
10,6,0
10,6,0
10,6,0
10,6,0
10,6,0
10,6,0
10,6,0
10,6,0
10,6,0.00199
10,6,0.023388
10,6,0.07778
10,6,0.276112
10,6,0.28499
10,6,0.196406
10,6,0.24684
10,6,0.54361
10,6,0.392884
10,6,0.18697
10,6,0
10,6,0
10,6,0
10,6,0
10,6,0
10,6,0
10,7,0
10,7,0
10,7,0
10,7,0
10,7,0
10,7,0
10,7,0
10,7,0
10,7,0
10,7,0.014605
10,7,0.004758
10,7,0.108079
10,7,0.03853
10,7,0.052757
10,7,0.074901
10,7,0.021345
10,7,0.023274
10,7,0.003135
10,7,0
10,7,0
10,7,0
10,7,0
10,7,0
10,7,0
10,8,0
10,8,0
10,8,0
10,8,0
10,8,0
10,8,0
10,8,0
10,8,0
10,8,0.003015
10,8,0.009316
10,8,0.088545
10,8,0.578337
10,8,0.024092
10,8,0.075229
10,8,0.085075
10,8,0.041682
10,8,0.317974
10,8,0.125475
10,8,0
10,8,0
10,8,0
10,8,0
10,8,0
10,8,0
10,9,0
10,9,0
10,9,0
10,9,0
10,9,0
10,9,0
10,9,0
10,9,0
10,9,0.046932
10,9,0.021589
10,9,0.039686
10,9,0.04478
10,9,0.074824
10,9,0.085825
10,9,0.078945
10,9,0.029698
10,9,0.367278
10,9,0.157649
10,9,0
10,9,0
10,9,0
10,9,0
10,9,0
10,9,0
10,10,0
10,10,0
10,10,0
10,10,0
10,10,0
10,10,0
10,10,0
10,10,0
10,10,0.003055
10,10,0.03971
10,10,0.012272
10,10,0.081096
10,10,0.092642
10,10,0.085715
10,10,0.376043
10,10,0.09334
10,10,0.246796
10,10,0.015656
10,10,0
10,10,0
10,10,0
10,10,0
10,10,0
10,10,0
10,11,0
10,11,0
10,11,0
10,11,0
10,11,0
10,11,0
10,11,0
10,11,0
10,11,0.026477
10,11,0.18784
10,11,0.323311
10,11,0.042773
10,11,0.051848
10,11,0.089245
10,11,0.082297
10,11,0.013597
10,11,0.032298
10,11,0
10,11,0
10,11,0
10,11,0
10,11,0
10,11,0
10,11,0
10,12,0
10,12,0
10,12,0
10,12,0
10,12,0
10,12,0
10,12,0
10,12,0
10,12,0.036301
10,12,0.169601
10,12,0.5093
10,12,0.424452
10,12,0.704386
10,12,0.705852
10,12,0.656772
10,12,0.538587
10,12,0.366867
10,12,0.139241
10,12,0
10,12,0
10,12,0
10,12,0
10,12,0
10,12,0
10,13,0
10,13,0
10,13,0
10,13,0
10,13,0
10,13,0
10,13,0
10,13,0
10,13,0.02871
10,13,0.268623
10,13,0.053998
10,13,0.090145
10,13,0.426721
10,13,0.429545
10,13,0.47667
10,13,0.340474
10,13,0.150019
10,13,0.002675
10,13,0
10,13,0
10,13,0
10,13,0
10,13,0
10,13,0
10,14,0
10,14,0
10,14,0
10,14,0
10,14,0
10,14,0
10,14,0
10,14,0
10,14,0.003497
10,14,0.113131
10,14,0.124058
10,14,0.197461
10,14,0.251562
10,14,0.366876
10,14,0.251503
10,14,0.15668
10,14,0.041846
10,14,0.009413
10,14,0
10,14,0
10,14,0
10,14,0
10,14,0
10,14,0
10,15,0
10,15,0
10,15,0
10,15,0
10,15,0
10,15,0
10,15,0
10,15,0
10,15,0.003047
10,15,0.115681
10,15,0.149133
10,15,0.403003
10,15,0.530021
10,15,0.600861
10,15,0.543544
10,15,0.47064
10,15,0.307689
10,15,0.087441
10,15,0
10,15,0
10,15,0
10,15,0
10,15,0
10,15,0
10,16,0
10,16,0
10,16,0
10,16,0
10,16,0
10,16,0
10,16,0
10,16,0
10,16,0.007409
10,16,0.184629
10,16,0.385247
10,16,0.314189
10,16,0.446743
10,16,0.612685
10,16,0.054865
10,16,0.055343
10,16,0.018719
10,16,0.000362
10,16,0
10,16,0
10,16,0
10,16,0
10,16,0
10,16,0
10,17,0
10,17,0
10,17,0
10,17,0
10,17,0
10,17,0
10,17,0
10,17,0
10,17,0
10,17,0.022624
10,17,0.231085
10,17,0.008102
10,17,0.231086
10,17,0.220988
10,17,0.366082
10,17,0.194457
10,17,0.164975
10,17,0.004721
10,17,0
10,17,0
10,17,0
10,17,0
10,17,0
10,17,0
10,18,0
10,18,0
10,18,0
10,18,0
10,18,0
10,18,0
10,18,0
10,18,0
10,18,0.003752
10,18,0.176626
10,18,0.283076
10,18,0.331792
10,18,0.368203
10,18,0.155821
10,18,0.098584
10,18,0.067976
10,18,0.04106
10,18,0.002269
10,18,0
10,18,0
10,18,0
10,18,0
10,18,0
10,18,0
10,19,0
10,19,0
10,19,0
10,19,0
10,19,0
10,19,0
10,19,0
10,19,0
10,19,0.000907
10,19,0.002006
10,19,0.025599
10,19,0.205722
10,19,0.043232
10,19,0.018093
10,19,0.018781
10,19,0.109814
10,19,0.017757
10,19,0
10,19,0
10,19,0
10,19,0
10,19,0
10,19,0
10,19,0
10,20,0
10,20,0
10,20,0
10,20,0
10,20,0
10,20,0
10,20,0
10,20,0
10,20,0
10,20,0.001311
10,20,0.006012
10,20,0.020716
10,20,0.004075
10,20,0.007334
10,20,0.011965
10,20,0.007952
10,20,0.002648
10,20,0
10,20,0
10,20,0
10,20,0
10,20,0
10,20,0
10,20,0
10,21,0
10,21,0
10,21,0
10,21,0
10,21,0
10,21,0
10,21,0
10,21,0
10,21,0
10,21,0.006445
10,21,0.016954
10,21,0.031643
10,21,0.064478
10,21,0.026767
10,21,0.058224
10,21,0.010898
10,21,0.019294
10,21,0
10,21,0
10,21,0
10,21,0
10,21,0
10,21,0
10,21,0
10,22,0
10,22,0
10,22,0
10,22,0
10,22,0
10,22,0
10,22,0
10,22,0
10,22,0
10,22,0.041832
10,22,0.20006
10,22,0.241227
10,22,0.331143
10,22,0.502261
10,22,0.429042
10,22,0.323023
10,22,0.163673
10,22,0.003159
10,22,0
10,22,0
10,22,0
10,22,0
10,22,0
10,22,0
10,23,0
10,23,0
10,23,0
10,23,0
10,23,0
10,23,0
10,23,0
10,23,0
10,23,0
10,23,0.100918
10,23,0.265345
10,23,0.292363
10,23,0.346712
10,23,0.206036
10,23,0.238698
10,23,0.203129
10,23,0.053804
10,23,0
10,23,0
10,23,0
10,23,0
10,23,0
10,23,0
10,23,0
10,24,0
10,24,0
10,24,0
10,24,0
10,24,0
10,24,0
10,24,0
10,24,0
10,24,0
10,24,0.147971
10,24,0.026073
10,24,0.117249
10,24,0.283434
10,24,0.353301
10,24,0.348866
10,24,0.102251
10,24,0.048315
10,24,0.028123
10,24,0
10,24,0
10,24,0
10,24,0
10,24,0
10,24,0
10,25,0
10,25,0
10,25,0
10,25,0
10,25,0
10,25,0
10,25,0
10,25,0
10,25,0
10,25,0.142011
10,25,0.105678
10,25,0.196045
10,25,0.050488
10,25,0.056752
10,25,0.039731
10,25,0.452475
10,25,0.267565
10,25,0.001854
10,25,0
10,25,0
10,25,0
10,25,0
10,25,0
10,25,0
10,26,0
10,26,0
10,26,0
10,26,0
10,26,0
10,26,0
10,26,0
10,26,0
10,26,0
10,26,0.077268
10,26,0.161237
10,26,0.236621
10,26,0.072211
10,26,0.036909
10,26,0.022799
10,26,0.006921
10,26,0
10,26,0
10,26,0
10,26,0
10,26,0
10,26,0
10,26,0
10,26,0
10,27,0
10,27,0
10,27,0
10,27,0
10,27,0
10,27,0
10,27,0
10,27,0
10,27,0
10,27,0.000666
10,27,0.009183
10,27,0.015524
10,27,0.018978
10,27,0.01949
10,27,0.540769
10,27,0.426015
10,27,0.24169
10,27,0
10,27,0
10,27,0
10,27,0
10,27,0
10,27,0
10,27,0
10,28,0
10,28,0
10,28,0
10,28,0
10,28,0
10,28,0
10,28,0
10,28,0
10,28,0
10,28,0.113291
10,28,0.000435
10,28,0.03026
10,28,0.021706
10,28,0.025113
10,28,0.020873
10,28,0.00498
10,28,0.250227
10,28,0
10,28,0
10,28,0
10,28,0
10,28,0
10,28,0
10,28,0
10,29,0
10,29,0
10,29,0
10,29,0
10,29,0
10,29,0
10,29,0
10,29,0
10,29,0
10,29,0.103713
10,29,0.003103
10,29,0.013508
10,29,0.027491
10,29,0.065855
10,29,0.032289
10,29,0.425566
10,29,0.234417
10,29,0
10,29,0
10,29,0
10,29,0
10,29,0
10,29,0
10,29,0
10,30,0
10,30,0
10,30,0
10,30,0
10,30,0
10,30,0
10,30,0
10,30,0
10,30,0
10,30,0
10,30,0
10,30,0.003135
10,30,0.013485
10,30,0.035401
10,30,0.040451
10,30,0.008471
10,30,0.000153
10,30,0
10,30,0
10,30,0
10,30,0
10,30,0
10,30,0
10,30,0
10,31,0
10,31,0
10,31,0
10,31,0
10,31,0
10,31,0
10,31,0
10,31,0
10,31,0
10,31,0.082662
10,31,0.094637
10,31,0.47043
10,31,0.551056
10,31,0.600931
10,31,0.553549
10,31,0.302457
10,31,0.030085
10,31,0
10,31,0
10,31,0
10,31,0
10,31,0
10,31,0
10,31,0
11,1,0
11,1,0
11,1,0
11,1,0
11,1,0
11,1,0
11,1,0
11,1,0
11,1,0
11,1,0.059544
11,1,0.27226
11,1,0.003314
11,1,0.009587
11,1,0.015271
11,1,0.059595
11,1,0.003884
11,1,0.012571
11,1,0
11,1,0
11,1,0
11,1,0
11,1,0
11,1,0
11,1,0
11,2,0
11,2,0
11,2,0
11,2,0
11,2,0
11,2,0
11,2,0
11,2,0
11,2,0
11,2,0
11,2,0
11,2,0.011832
11,2,0.011832
11,2,0.024853
11,2,0.029905
11,2,0.033479
11,2,0.007857
11,2,0
11,2,0
11,2,0
11,2,0
11,2,0
11,2,0
11,2,0
11,3,0
11,3,0
11,3,0
11,3,0
11,3,0
11,3,0
11,3,0
11,3,0
11,3,0
11,3,0
11,3,0
11,3,0
11,3,0.008275
11,3,0.059611
11,3,0.009598
11,3,0.00318
11,3,0
11,3,0
11,3,0
11,3,0
11,3,0
11,3,0
11,3,0
11,3,0
11,4,0
11,4,0
11,4,0
11,4,0
11,4,0
11,4,0
11,4,0
11,4,0
11,4,0
11,4,0.003327
11,4,0.05067
11,4,0.036964
11,4,0.524561
11,4,0.599315
11,4,0.036192
11,4,0.428798
11,4,0.183165
11,4,0
11,4,0
11,4,0
11,4,0
11,4,0
11,4,0
11,4,0
11,5,0
11,5,0
11,5,0
11,5,0
11,5,0
11,5,0
11,5,0
11,5,0
11,5,0
11,5,0
11,5,0.002669
11,5,0.01058
11,5,0.495082
11,5,0.01473
11,5,0.025403
11,5,0.007321
11,5,0.15763
11,5,0
11,5,0
11,5,0
11,5,0
11,5,0
11,5,0
11,5,0
11,6,0
11,6,0
11,6,0
11,6,0
11,6,0
11,6,0
11,6,0
11,6,0
11,6,0
11,6,0.029472
11,6,0.005986
11,6,0.358619
11,6,0.446516
11,6,0.518523
11,6,0.491502
11,6,0.357257
11,6,0.104546
11,6,0
11,6,0
11,6,0
11,6,0
11,6,0
11,6,0
11,6,0
11,7,0
11,7,0
11,7,0
11,7,0
11,7,0
11,7,0
11,7,0
11,7,0
11,7,0
11,7,0.015067
11,7,0.00177
11,7,0.391259
11,7,0.477801
11,7,0.562443
11,7,0.5429
11,7,0.408595
11,7,0.131469
11,7,0
11,7,0
11,7,0
11,7,0
11,7,0
11,7,0
11,7,0
11,8,0
11,8,0
11,8,0
11,8,0
11,8,0
11,8,0
11,8,0
11,8,0
11,8,0
11,8,0.007706
11,8,0.219879
11,8,0.376468
11,8,0.461686
11,8,0.542478
11,8,0.516682
11,8,0.370856
11,8,0.105308
11,8,0
11,8,0
11,8,0
11,8,0
11,8,0
11,8,0
11,8,0
11,9,0
11,9,0
11,9,0
11,9,0
11,9,0
11,9,0
11,9,0
11,9,0
11,9,0
11,9,0
11,9,0.012061
11,9,0.020846
11,9,0.032161
11,9,0.492867
11,9,0.041372
11,9,0.021328
11,9,0.00084
11,9,0
11,9,0
11,9,0
11,9,0
11,9,0
11,9,0
11,9,0
11,10,0
11,10,0
11,10,0
11,10,0
11,10,0
11,10,0
11,10,0
11,10,0
11,10,0
11,10,0.013123
11,10,0.202572
11,10,0.36532
11,10,0.459456
11,10,0.557745
11,10,0.542408
11,10,0.39559
11,10,0.114056
11,10,0
11,10,0
11,10,0
11,10,0
11,10,0
11,10,0
11,10,0
11,11,0
11,11,0
11,11,0
11,11,0
11,11,0
11,11,0
11,11,0
11,11,0
11,11,0
11,11,0
11,11,0.009631
11,11,0.017733
11,11,0.021278
11,11,0.139976
11,11,0.022853
11,11,0.009992
11,11,0
11,11,0
11,11,0
11,11,0
11,11,0
11,11,0
11,11,0
11,11,0
11,12,0
11,12,0
11,12,0
11,12,0
11,12,0
11,12,0
11,12,0
11,12,0
11,12,0
11,12,0.000151
11,12,0.100593
11,12,0.129285
11,12,0.09483
11,12,0.195096
11,12,0.430101
11,12,0.294811
11,12,0.011307
11,12,0
11,12,0
11,12,0
11,12,0
11,12,0
11,12,0
11,12,0
11,13,0
11,13,0
11,13,0
11,13,0
11,13,0
11,13,0
11,13,0
11,13,0
11,13,0
11,13,0
11,13,0.03752
11,13,0.026254
11,13,0.399721
11,13,0.500843
11,13,0.487186
11,13,0.341404
11,13,0.073189
11,13,0
11,13,0
11,13,0
11,13,0
11,13,0
11,13,0
11,13,0
11,14,0
11,14,0
11,14,0
11,14,0
11,14,0
11,14,0
11,14,0
11,14,0
11,14,0
11,14,0
11,14,0.00034
11,14,0.004747
11,14,0.060778
11,14,0.064288
11,14,0.193312
11,14,0.125067
11,14,0.002747
11,14,0
11,14,0
11,14,0
11,14,0
11,14,0
11,14,0
11,14,0
11,15,0
11,15,0
11,15,0
11,15,0
11,15,0
11,15,0
11,15,0
11,15,0
11,15,0
11,15,0
11,15,0.047557
11,15,0.146415
11,15,0.14334
11,15,0.026566
11,15,0.025079
11,15,0.327094
11,15,0.006017
11,15,0
11,15,0
11,15,0
11,15,0
11,15,0
11,15,0
11,15,0
11,16,0
11,16,0
11,16,0
11,16,0
11,16,0
11,16,0
11,16,0
11,16,0
11,16,0
11,16,0
11,16,0.147909
11,16,0.024614
11,16,0.398647
11,16,0.03458
11,16,0.03312
11,16,0.001844
11,16,0
11,16,0
11,16,0
11,16,0
11,16,0
11,16,0
11,16,0
11,16,0
11,17,0
11,17,0
11,17,0
11,17,0
11,17,0
11,17,0
11,17,0
11,17,0
11,17,0
11,17,0
11,17,0.00093
11,17,0.007399
11,17,0.002234
11,17,0
11,17,0.116516
11,17,0.192238
11,17,0.000946
11,17,0
11,17,0
11,17,0
11,17,0
11,17,0
11,17,0
11,17,0
11,18,0
11,18,0
11,18,0
11,18,0
11,18,0
11,18,0
11,18,0
11,18,0
11,18,0
11,18,0
11,18,0
11,18,0
11,18,0.005409
11,18,0.002177
11,18,0.007948
11,18,0.002419
11,18,0
11,18,0
11,18,0
11,18,0
11,18,0
11,18,0
11,18,0
11,18,0
11,19,0
11,19,0
11,19,0
11,19,0
11,19,0
11,19,0
11,19,0
11,19,0
11,19,0
11,19,0
11,19,0.003201
11,19,0.015177
11,19,0.004785
11,19,0.006768
11,19,0.081503
11,19,0.012669
11,19,0
11,19,0
11,19,0
11,19,0
11,19,0
11,19,0
11,19,0
11,19,0
11,20,0
11,20,0
11,20,0
11,20,0
11,20,0
11,20,0
11,20,0
11,20,0
11,20,0
11,20,0
11,20,0.082695
11,20,0.028249
11,20,0.030676
11,20,0.002164
11,20,0.170251
11,20,0.089553
11,20,0
11,20,0
11,20,0
11,20,0
11,20,0
11,20,0
11,20,0
11,20,0
11,21,0
11,21,0
11,21,0
11,21,0
11,21,0
11,21,0
11,21,0
11,21,0
11,21,0
11,21,0
11,21,0.000012
11,21,0.008537
11,21,0.010076
11,21,0.170746
11,21,0.033071
11,21,0.011899
11,21,0
11,21,0
11,21,0
11,21,0
11,21,0
11,21,0
11,21,0
11,21,0
11,22,0
11,22,0
11,22,0
11,22,0
11,22,0
11,22,0
11,22,0
11,22,0
11,22,0
11,22,0
11,22,0.00219
11,22,0.020416
11,22,0.284257
11,22,0.024024
11,22,0.383841
11,22,0.237855
11,22,0
11,22,0
11,22,0
11,22,0
11,22,0
11,22,0
11,22,0
11,22,0
11,23,0
11,23,0
11,23,0
11,23,0
11,23,0
11,23,0
11,23,0
11,23,0
11,23,0
11,23,0
11,23,0.054773
11,23,0.204141
11,23,0.28408
11,23,0.382587
11,23,0.390569
11,23,0.251346
11,23,0
11,23,0
11,23,0
11,23,0
11,23,0
11,23,0
11,23,0
11,23,0
11,24,0
11,24,0
11,24,0
11,24,0
11,24,0
11,24,0
11,24,0
11,24,0
11,24,0
11,24,0
11,24,0.009759
11,24,0.071318
11,24,0.090109
11,24,0.24797
11,24,0.353042
11,24,0.239254
11,24,0
11,24,0
11,24,0
11,24,0
11,24,0
11,24,0
11,24,0
11,24,0
11,25,0
11,25,0
11,25,0
11,25,0
11,25,0
11,25,0
11,25,0
11,25,0
11,25,0
11,25,0
11,25,0.049768
11,25,0.208797
11,25,0.294478
11,25,0.402504
11,25,0.412135
11,25,0.240023
11,25,0
11,25,0
11,25,0
11,25,0
11,25,0
11,25,0
11,25,0
11,25,0
11,26,0
11,26,0
11,26,0
11,26,0
11,26,0
11,26,0
11,26,0
11,26,0
11,26,0
11,26,0
11,26,0.00889
11,26,0.071734
11,26,0.125018
11,26,0.397898
11,26,0.24795
11,26,0.231874
11,26,0
11,26,0
11,26,0
11,26,0
11,26,0
11,26,0
11,26,0
11,26,0
11,27,0
11,27,0
11,27,0
11,27,0
11,27,0
11,27,0
11,27,0
11,27,0
11,27,0
11,27,0
11,27,0.039283
11,27,0.184806
11,27,0.070045
11,27,0.373075
11,27,0.390312
11,27,0.209768
11,27,0
11,27,0
11,27,0
11,27,0
11,27,0
11,27,0
11,27,0
11,27,0
11,28,0
11,28,0
11,28,0
11,28,0
11,28,0
11,28,0
11,28,0
11,28,0
11,28,0
11,28,0
11,28,0.002549
11,28,0.043718
11,28,0.001344
11,28,0.024493
11,28,0.060804
11,28,0.140726
11,28,0
11,28,0
11,28,0
11,28,0
11,28,0
11,28,0
11,28,0
11,28,0
11,29,0
11,29,0
11,29,0
11,29,0
11,29,0
11,29,0
11,29,0
11,29,0
11,29,0
11,29,0
11,29,0.03057
11,29,0.063952
11,29,0.01873
11,29,0.098389
11,29,0.247079
11,29,0.144757
11,29,0
11,29,0
11,29,0
11,29,0
11,29,0
11,29,0
11,29,0
11,29,0
11,30,0
11,30,0
11,30,0
11,30,0
11,30,0
11,30,0
11,30,0
11,30,0
11,30,0
11,30,0
11,30,0.017773
11,30,0.170668
11,30,0.259283
11,30,0.363531
11,30,0.08465
11,30,0.204082
11,30,0
11,30,0
11,30,0
11,30,0
11,30,0
11,30,0
11,30,0
11,30,0
12,1,0
12,1,0
12,1,0
12,1,0
12,1,0
12,1,0
12,1,0
12,1,0
12,1,0
12,1,0
12,1,0.020364
12,1,0.175765
12,1,0.002391
12,1,0.376289
12,1,0.398515
12,1,0.174738
12,1,0
12,1,0
12,1,0
12,1,0
12,1,0
12,1,0
12,1,0
12,1,0
12,2,0
12,2,0
12,2,0
12,2,0
12,2,0
12,2,0
12,2,0
12,2,0
12,2,0
12,2,0
12,2,0
12,2,0.007365
12,2,0.014473
12,2,0.005745
12,2,0.008427
12,2,0.000056
12,2,0
12,2,0
12,2,0
12,2,0
12,2,0
12,2,0
12,2,0
12,2,0
12,3,0
12,3,0
12,3,0
12,3,0
12,3,0
12,3,0
12,3,0
12,3,0
12,3,0
12,3,0
12,3,0
12,3,0.00039
12,3,0.003381
12,3,0.003414
12,3,0.006042
12,3,0
12,3,0
12,3,0
12,3,0
12,3,0
12,3,0
12,3,0
12,3,0
12,3,0
12,4,0
12,4,0
12,4,0
12,4,0
12,4,0
12,4,0
12,4,0
12,4,0
12,4,0
12,4,0
12,4,0.003129
12,4,0.120524
12,4,0.196717
12,4,0.080284
12,4,0.003839
12,4,0.096653
12,4,0
12,4,0
12,4,0
12,4,0
12,4,0
12,4,0
12,4,0
12,4,0
12,5,0
12,5,0
12,5,0
12,5,0
12,5,0
12,5,0
12,5,0
12,5,0
12,5,0
12,5,0
12,5,0
12,5,0.004045
12,5,0.009109
12,5,0
12,5,0.013434
12,5,0.001093
12,5,0
12,5,0
12,5,0
12,5,0
12,5,0
12,5,0
12,5,0
12,5,0
12,6,0
12,6,0
12,6,0
12,6,0
12,6,0
12,6,0
12,6,0
12,6,0
12,6,0
12,6,0
12,6,0
12,6,0
12,6,0
12,6,0.000794
12,6,0
12,6,0
12,6,0
12,6,0
12,6,0
12,6,0
12,6,0
12,6,0
12,6,0
12,6,0
12,7,0
12,7,0
12,7,0
12,7,0
12,7,0
12,7,0
12,7,0
12,7,0
12,7,0
12,7,0
12,7,0.007182
12,7,0.117019
12,7,0.20162
12,7,0.292409
12,7,0.324842
12,7,0.124057
12,7,0
12,7,0
12,7,0
12,7,0
12,7,0
12,7,0
12,7,0
12,7,0
12,8,0
12,8,0
12,8,0
12,8,0
12,8,0
12,8,0
12,8,0
12,8,0
12,8,0
12,8,0
12,8,0.001854
12,8,0.116823
12,8,0.201266
12,8,0.28762
12,8,0.321768
12,8,0.118336
12,8,0
12,8,0
12,8,0
12,8,0
12,8,0
12,8,0
12,8,0
12,8,0
12,9,0
12,9,0
12,9,0
12,9,0
12,9,0
12,9,0
12,9,0
12,9,0
12,9,0
12,9,0
12,9,0
12,9,0.09495
12,9,0.167495
12,9,0.235211
12,9,0.25557
12,9,0.085487
12,9,0
12,9,0
12,9,0
12,9,0
12,9,0
12,9,0
12,9,0
12,9,0
12,10,0
12,10,0
12,10,0
12,10,0
12,10,0
12,10,0
12,10,0
12,10,0
12,10,0
12,10,0
12,10,0
12,10,0.105704
12,10,0.192037
12,10,0.278447
12,10,0.313643
12,10,0.121793
12,10,0
12,10,0
12,10,0
12,10,0
12,10,0
12,10,0
12,10,0
12,10,0
12,11,0
12,11,0
12,11,0
12,11,0
12,11,0
12,11,0
12,11,0
12,11,0
12,11,0
12,11,0
12,11,0
12,11,0.112333
12,11,0.211347
12,11,0.311469
12,11,0.37449
12,11,0.153784
12,11,0
12,11,0
12,11,0
12,11,0
12,11,0
12,11,0
12,11,0
12,11,0
12,12,0
12,12,0
12,12,0
12,12,0
12,12,0
12,12,0
12,12,0
12,12,0
12,12,0
12,12,0
12,12,0
12,12,0.115098
12,12,0.218332
12,12,0.316269
12,12,0.379446
12,12,0.151225
12,12,0
12,12,0
12,12,0
12,12,0
12,12,0
12,12,0
12,12,0
12,12,0
12,13,0
12,13,0
12,13,0
12,13,0
12,13,0
12,13,0
12,13,0
12,13,0
12,13,0
12,13,0
12,13,0
12,13,0.108265
12,13,0.212991
12,13,0.308645
12,13,0.373506
12,13,0.148189
12,13,0
12,13,0
12,13,0
12,13,0
12,13,0
12,13,0
12,13,0
12,13,0
12,14,0
12,14,0
12,14,0
12,14,0
12,14,0
12,14,0
12,14,0
12,14,0
12,14,0
12,14,0
12,14,0
12,14,0.106501
12,14,0.21469
12,14,0.302119
12,14,0.355421
12,14,0.130463
12,14,0
12,14,0
12,14,0
12,14,0
12,14,0
12,14,0
12,14,0
12,14,0
12,15,0
12,15,0
12,15,0
12,15,0
12,15,0
12,15,0
12,15,0
12,15,0
12,15,0
12,15,0
12,15,0
12,15,0.109047
12,15,0.225783
12,15,0.324273
12,15,0.405524
12,15,0.167421
12,15,0
12,15,0
12,15,0
12,15,0
12,15,0
12,15,0
12,15,0
12,15,0
12,16,0
12,16,0
12,16,0
12,16,0
12,16,0
12,16,0
12,16,0
12,16,0
12,16,0
12,16,0
12,16,0
12,16,0.109289
12,16,0.228798
12,16,0.3206
12,16,0.396236
12,16,0.154846
12,16,0
12,16,0
12,16,0
12,16,0
12,16,0
12,16,0
12,16,0
12,16,0
12,17,0
12,17,0
12,17,0
12,17,0
12,17,0
12,17,0
12,17,0
12,17,0
12,17,0
12,17,0
12,17,0
12,17,0.098763
12,17,0.213549
12,17,0.288667
12,17,0.364383
12,17,0.144964
12,17,0
12,17,0
12,17,0
12,17,0
12,17,0
12,17,0
12,17,0
12,17,0
12,18,0
12,18,0
12,18,0
12,18,0
12,18,0
12,18,0
12,18,0
12,18,0
12,18,0
12,18,0
12,18,0
12,18,0.081538
12,18,0.182844
12,18,0.249234
12,18,0.304389
12,18,0.102591
12,18,0
12,18,0
12,18,0
12,18,0
12,18,0
12,18,0
12,18,0
12,18,0
12,19,0
12,19,0
12,19,0
12,19,0
12,19,0
12,19,0
12,19,0
12,19,0
12,19,0
12,19,0
12,19,0
12,19,0.069359
12,19,0.160851
12,19,0.214767
12,19,0.256001
12,19,0.081653
12,19,0
12,19,0
12,19,0
12,19,0
12,19,0
12,19,0
12,19,0
12,19,0
12,20,0
12,20,0
12,20,0
12,20,0
12,20,0
12,20,0
12,20,0
12,20,0
12,20,0
12,20,0
12,20,0
12,20,0.068736
12,20,0.162824
12,20,0.220332
12,20,0.286279
12,20,0.094085
12,20,0
12,20,0
12,20,0
12,20,0
12,20,0
12,20,0
12,20,0
12,20,0
12,21,0
12,21,0
12,21,0
12,21,0
12,21,0
12,21,0
12,21,0
12,21,0
12,21,0
12,21,0
12,21,0
12,21,0.068181
12,21,0.16282
12,21,0.216882
12,21,0.267485
12,21,0.082373
12,21,0
12,21,0
12,21,0
12,21,0
12,21,0
12,21,0
12,21,0
12,21,0
12,22,0
12,22,0
12,22,0
12,22,0
12,22,0
12,22,0
12,22,0
12,22,0
12,22,0
12,22,0
12,22,0
12,22,0.084755
12,22,0.207829
12,22,0.285208
12,22,0.384733
12,22,0.156315
12,22,0
12,22,0
12,22,0
12,22,0
12,22,0
12,22,0
12,22,0
12,22,0
12,23,0
12,23,0
12,23,0
12,23,0
12,23,0
12,23,0
12,23,0
12,23,0
12,23,0
12,23,0
12,23,0
12,23,0.083399
12,23,0.201497
12,23,0.270619
12,23,0.360363
12,23,0.141723
12,23,0
12,23,0
12,23,0
12,23,0
12,23,0
12,23,0
12,23,0
12,23,0
12,24,0
12,24,0
12,24,0
12,24,0
12,24,0
12,24,0
12,24,0
12,24,0
12,24,0
12,24,0
12,24,0
12,24,0.075264
12,24,0.18648
12,24,0.245699
12,24,0.319632
12,24,0.117812
12,24,0
12,24,0
12,24,0
12,24,0
12,24,0
12,24,0
12,24,0
12,24,0
12,25,0
12,25,0
12,25,0
12,25,0
12,25,0
12,25,0
12,25,0
12,25,0
12,25,0
12,25,0
12,25,0
12,25,0.08062
12,25,0.193588
12,25,0.246678
12,25,0.322337
12,25,0.124476
12,25,0
12,25,0
12,25,0
12,25,0
12,25,0
12,25,0
12,25,0
12,25,0
12,26,0
12,26,0
12,26,0
12,26,0
12,26,0
12,26,0
12,26,0
12,26,0
12,26,0
12,26,0
12,26,0
12,26,0.062837
12,26,0.157197
12,26,0.198508
12,26,0.241303
12,26,0.079633
12,26,0
12,26,0
12,26,0
12,26,0
12,26,0
12,26,0
12,26,0
12,26,0
12,27,0
12,27,0
12,27,0
12,27,0
12,27,0
12,27,0
12,27,0
12,27,0
12,27,0
12,27,0
12,27,0
12,27,0.065303
12,27,0.169743
12,27,0.222758
12,27,0.304486
12,27,0.115939
12,27,0
12,27,0
12,27,0
12,27,0
12,27,0
12,27,0
12,27,0
12,27,0
12,28,0
12,28,0
12,28,0
12,28,0
12,28,0
12,28,0
12,28,0
12,28,0
12,28,0
12,28,0
12,28,0
12,28,0.065981
12,28,0.161276
12,28,0.20659
12,28,0.269224
12,28,0.093645
12,28,0
12,28,0
12,28,0
12,28,0
12,28,0
12,28,0
12,28,0
12,28,0
12,29,0
12,29,0
12,29,0
12,29,0
12,29,0
12,29,0
12,29,0
12,29,0
12,29,0
12,29,0
12,29,0
12,29,0.066237
12,29,0.168687
12,29,0.217061
12,29,0.299368
12,29,0.112554
12,29,0
12,29,0
12,29,0
12,29,0
12,29,0
12,29,0
12,29,0
12,29,0
12,30,0
12,30,0
12,30,0
12,30,0
12,30,0
12,30,0
12,30,0
12,30,0
12,30,0
12,30,0
12,30,0
12,30,0.073738
12,30,0.17624
12,30,0.219922
12,30,0.304522
12,30,0.113739
12,30,0
12,30,0
12,30,0
12,30,0
12,30,0
12,30,0
12,30,0
12,30,0
12,31,0
12,31,0
12,31,0
12,31,0
12,31,0
12,31,0
12,31,0
12,31,0
12,31,0
12,31,0
12,31,0
12,31,0.079072
12,31,0.190323
12,31,0.238898
12,31,0.34546
12,31,0.150177
12,31,0
12,31,0
12,31,0
12,31,0
12,31,0
12,31,0
12,31,0
12,31,0
